date;id;block;order;cond;trial;gameid;leftright;oa1;oa2;oa3;oa4;pa1;pa2;pa3;pa4;ob1;ob2;ob3;ob4;pb1;pb2;pb3;pb4;choice;rt;paytrial;payout;alter;geschlecht;comment
2019_02_22 08:58;2;0;1;practice;1;75;0;21;86;27;62;0.88;0.040000000000000001;0.070000000000000007;0.0099999999999999794;13;3;49;87;0.28999999999999998;0.39000000000000001;0.070000000000000007;0.25;0;13.426944407383303;53;47;20;1;nein
2019_02_22 08:58;2;0;1;practice;2;9;0;57;44;0;0;0.14999999999999999;0.84999999999999998;0.0;0.0;38;35;64;95;0.34000000000000002;0.45000000000000001;0.089999999999999997;0.12;0;7.56648721218437;53;47;20;1;nein
2019_02_22 08:58;2;0;1;practice;3;6;0;42;59;0;0;0.35999999999999999;0.64000000000000001;0.0;0.0;77;19;6;7;0.44;0.14999999999999999;0.17999999999999999;0.23000000000000001;1;7.866479386574838;53;47;20;1;nein
2019_02_22 08:58;2;0;1;practice;4;36;0;56;89;86;77;0.66000000000000003;0.080000000000000002;0.14999999999999999;0.11;29;91;0;0;0.40999999999999998;0.58999999999999997;0.0;0.0;1;5.816661364067841;53;47;20;1;nein
2019_02_22 08:58;2;0;1;practice;5;37;1;50;66;99;12;0.26000000000000001;0.71999999999999997;0.01;0.01;22;90;0;0;0.37;0.63;0.0;0.0;1;4.216501580516592;53;47;20;1;nein
2019_02_22 08:58;2;0;1;practice;6;74;1;36;46;10;12;0.11;0.19;0.65000000000000002;0.049999999999999899;92;24;79;19;0.51000000000000001;0.40999999999999998;0.02;0.059999999999999998;1;5.783673212810527;53;47;20;1;nein
2019_02_22 08:58;2;0;1;practice;7;40;0;29;65;30;41;0.70999999999999996;0.01;0.14999999999999999;0.13;2;59;0;0;0.32000000000000001;0.68000000000000005;0.0;0.0;1;7.016379257259814;53;47;20;1;nein
2019_02_22 08:58;2;0;1;practice;8;2;1;41;60;0;0;0.97999999999999998;0.02;0.0;0.0;10;14;97;6;0.54000000000000004;0.17000000000000001;0.12;0.17000000000000001;0;6.0165097909921315;53;47;20;1;nein
2019_02_22 08:58;2;0;1;practice;9;29;0;66;40;92;49;0.46999999999999997;0.10000000000000001;0.34000000000000002;0.089999999999999997;8;94;0;0;0.44;0.56000000000000005;0.0;0.0;1;4.800064016051465;53;47;20;1;nein
2019_02_22 08:58;2;0;1;practice;10;73;0;99;88;95;28;0.83999999999999997;0.14000000000000001;0.01;0.01;90;93;10;74;0.080000000000000002;0.46000000000000002;0.34999999999999998;0.11;0;4.433193990445034;53;47;20;1;nein
2019_02_22 08:58;2;0;1;practice;11;71;1;94;87;26;75;0.71999999999999997;0.23999999999999999;0.02;0.02;90;27;12;83;0.16;0.73999999999999999;0.02;0.080000000000000002;0;4.266502093671079;53;47;20;1;nein
2019_02_22 08:58;2;0;1;practice;12;15;1;24;59;0;0;0.56999999999999995;0.42999999999999999;0.0;0.0;9;8;80;22;0.31;0.10000000000000001;0.55000000000000004;0.039999999999999897;1;11.916421528379942;53;47;20;1;nein
2019_02_22 08:58;2;0;1;practice;13;16;0;50;42;0;0;0.32000000000000001;0.68000000000000005;0.0;0.0;97;2;56;31;0.35999999999999999;0.16;0.16;0.32000000000000001;0;8.833147421654076;53;47;20;1;nein
2019_02_22 08:58;2;0;1;practice;14;41;1;19;54;51;8;0.76000000000000001;0.070000000000000007;0.16;0.0099999999999999794;2;77;0;0;0.54000000000000004;0.46000000000000002;0.0;0.0;0;8.216617040328856;53;47;20;1;nein
2019_02_22 08:58;2;0;1;practice;15;63;0;24;82;6;96;0.91000000000000003;0.070000000000000007;0.01;0.0099999999999999603;73;10;71;22;0.31;0.51000000000000001;0.050000000000000003;0.13;0;11.9830726293535;53;47;20;1;nein
2019_02_22 08:58;2;0;1;practice;16;44;0;69;48;22;63;0.39000000000000001;0.40999999999999998;0.19;0.01;1;94;0;0;0.22;0.78000000000000003;0.0;0.0;1;7.7332224063877675;53;47;20;1;nein
2019_02_22 08:58;2;0;1;practice;17;45;1;37;40;75;23;0.54000000000000004;0.38;0.059999999999999998;0.02;1;90;0;0;0.28000000000000003;0.71999999999999997;0.0;0.0;1;10.383188666464775;53;47;20;1;nein
2019_02_22 08:58;2;0;1;practice;18;24;0;19;38;0;0;0.89000000000000001;0.11;0.0;0.0;45;76;95;57;0.29999999999999999;0.22;0.40000000000000002;0.080000000000000002;1;7.883273336993852;53;47;20;1;nein
2019_02_22 08:58;2;0;1;practice;19;59;1;13;27;48;51;0.56999999999999995;0.13;0.13;0.17000000000000001;8;37;97;1;0.65000000000000002;0.16;0.14999999999999999;0.040000000000000001;0;10.88324607564914;53;47;20;1;nein
2019_02_22 08:58;2;0;1;practice;20;34;0;57;23;66;79;0.56000000000000005;0.23000000000000001;0.13;0.079999999999999905;85;9;0;0;0.56000000000000005;0.44;0.0;0.0;1;8.716631793527085;53;47;20;1;nein
2019_02_22 08:58;2;0;1;practice;21;30;0;54;78;85;25;0.20999999999999999;0.60999999999999999;0.089999999999999997;0.090000000000000094;87;20;0;0;0.58999999999999997;0.40999999999999998;0.0;0.0;1;3.5165299964592123;53;47;20;1;nein
2019_02_22 08:58;2;0;1;practice;22;53;1;47;24;95;38;0.57999999999999996;0.28000000000000003;0.02;0.12;8;22;93;96;0.54000000000000004;0.34000000000000002;0.10000000000000001;0.0199999999999999;1;12.733227858656619;53;47;20;1;nein
2019_02_22 08:58;2;0;1;practice;23;17;1;27;61;0;0;0.68999999999999995;0.31;0.0;0.0;3;91;69;43;0.29999999999999999;0.33000000000000002;0.27000000000000002;0.099999999999999895;1;0.38321560708777724;53;47;20;1;nein
2019_02_22 08:58;2;0;1;practice;24;64;0;44;60;96;45;0.53000000000000003;0.10000000000000001;0.029999999999999999;0.34000000000000002;88;20;43;31;0.47999999999999998;0.38;0.050000000000000003;0.089999999999999997;0;2.5832176597066336;53;47;20;1;nein
2019_02_22 08:58;2;0;1;practice;25;46;0;79;57;98;81;0.67000000000000004;0.070000000000000007;0.20999999999999999;0.050000000000000003;1;76;0;0;0.56000000000000005;0.44;0.0;0.0;0;11.16646610869634;53;47;20;1;nein
2019_02_22 08:58;2;0;1;practice;26;60;1;39;93;27;78;0.85999999999999999;0.02;0.11;0.01;22;5;62;95;0.059999999999999998;0.56999999999999995;0.14000000000000001;0.23000000000000001;0;17.3996397653857;53;47;20;1;nein
2019_02_22 08:58;2;0;1;practice;27;68;0;39;58;40;8;0.48999999999999999;0.44;0.02;0.050000000000000003;92;83;51;2;0.57999999999999996;0.13;0.02;0.27000000000000002;1;6.616636219486509;53;47;20;1;nein
2019_02_22 08:58;2;0;1;practice;28;32;0;21;86;16;78;0.45000000000000001;0.41999999999999998;0.050000000000000003;0.080000000000000099;95;9;0;0;0.42999999999999999;0.56999999999999995;0.0;0.0;0;7.166501067361878;53;47;20;1;nein
2019_02_22 08:58;2;0;1;practice;29;5;0;23;58;0;0;0.71999999999999997;0.28000000000000003;0.0;0.0;94;12;52;3;0.11;0.84999999999999998;0.029999999999999999;0.01;0;7.54978338456317;53;47;20;1;nein
2019_02_22 08:58;2;0;1;practice;30;10;1;34;59;0;0;0.16;0.83999999999999997;0.0;0.0;21;61;96;7;0.19;0.01;0.5;0.29999999999999999;1;4.599894867426428;53;47;20;1;nein
2019_02_22 08:58;2;0;1;practice;31;31;1;72;59;40;92;0.59999999999999998;0.34999999999999998;0.02;0.029999999999999999;97;29;0;0;0.38;0.62;0.0;0.0;0;10.716436153289578;53;47;20;1;nein
2019_02_22 08:58;2;0;1;practice;32;57;0;39;68;59;91;0.73999999999999999;0.040000000000000001;0.14999999999999999;0.070000000000000007;9;22;40;84;0.29999999999999999;0.32000000000000001;0.040000000000000001;0.34000000000000002;0;11.399782807264273;53;47;20;1;nein
2019_02_22 08:58;2;0;1;practice;33;62;1;65;52;74;55;0.16;0.12;0.14999999999999999;0.56999999999999995;72;86;2;68;0.12;0.53000000000000003;0.22;0.13;1;9.71647816783252;53;47;20;1;nein
2019_02_22 08:58;2;0;1;practice;34;50;0;17;12;21;14;0.55000000000000004;0.34000000000000002;0.059999999999999998;0.049999999999999899;13;93;0;0;0.28999999999999998;0.70999999999999996;0.0;0.0;1;5.71661768177205;53;47;20;1;nein
2019_02_22 08:58;2;0;1;practice;35;48;0;20;25;24;35;0.32000000000000001;0.13;0.48999999999999999;0.059999999999999901;44;76;0;0;0.29999999999999999;0.69999999999999996;0.0;0.0;1;6.416657258830128;53;47;20;1;nein
2019_02_22 08:58;2;0;1;practice;36;20;1;32;11;0;0;0.40999999999999998;0.58999999999999997;0.0;0.0;1;86;42;65;0.45000000000000001;0.38;0.050000000000000003;0.12;1;15.76641742314223;53;47;20;1;nein
2019_02_22 08:58;2;0;1;practice;37;27;1;68;43;98;36;0.54000000000000004;0.44;0.01;0.0099999999999999603;97;13;0;0;0.27000000000000002;0.72999999999999998;0.0;0.0;0;12.782957682695951;53;47;20;1;nein
2019_02_22 08:58;2;0;1;practice;38;49;0;14;31;42;22;0.77000000000000002;0.089999999999999997;0.02;0.12;87;28;0;0;0.68000000000000005;0.32000000000000001;0.0;0.0;1;3.3000457349146473;53;47;20;1;nein
2019_02_22 08:58;2;0;1;practice;39;55;1;53;11;80;74;0.31;0.37;0.28000000000000003;0.039999999999999897;6;93;98;96;0.69999999999999996;0.22;0.050000000000000003;0.029999999999999999;0;7.2166330764139275;53;47;20;1;nein
2019_02_22 08:58;2;0;1;practice;40;23;1;99;93;0;0;0.57999999999999996;0.41999999999999998;0.0;0.0;64;10;80;81;0.13;0.55000000000000004;0.02;0.29999999999999999;0;3.066580862920773;53;47;20;1;nein
2019_02_22 08:58;2;0;1;practice;41;4;0;40;59;0;0;0.19;0.81000000000000005;0.0;0.0;10;88;13;45;0.56000000000000005;0.28999999999999998;0.01;0.14000000000000001;0;9.899762922518676;53;47;20;1;nein
2019_02_22 08:58;2;0;1;practice;42;66;0;44;18;63;36;0.47999999999999998;0.10000000000000001;0.029999999999999999;0.39000000000000001;13;93;61;53;0.52000000000000002;0.45000000000000001;0.02;0.0099999999999999707;1;16.949818279084184;53;47;20;1;nein
2019_02_22 08:58;2;0;1;practice;43;28;0;37;83;75;8;0.83999999999999997;0.070000000000000007;0.01;0.080000000000000002;94;2;0;0;0.19;0.81000000000000005;0.0;0.0;0;4.483124586269014;53;47;20;1;nein
2019_02_22 08:58;2;0;1;practice;44;26;0;24;46;74;59;0.29999999999999999;0.11;0.25;0.34000000000000002;91;6;0;0;0.28999999999999998;0.70999999999999996;0.0;0.0;0;4.233224330718031;53;47;20;1;nein
2019_02_22 08:58;2;0;1;practice;45;56;1;47;52;64;10;0.77000000000000002;0.040000000000000001;0.11;0.080000000000000002;1;5;12;99;0.14000000000000001;0.28999999999999998;0.27000000000000002;0.29999999999999999;0;5.116699080939952;53;47;20;1;nein
2019_02_22 08:58;2;0;1;practice;46;1;1;67;36;0;0;0.14999999999999999;0.84999999999999998;0.0;0.0;1;4;81;77;0.25;0.54000000000000004;0.14000000000000001;0.070000000000000007;0;5.633326897517918;53;47;20;1;nein
2019_02_22 08:58;2;0;1;practice;47;22;0;84;87;0;0;0.17000000000000001;0.82999999999999996;0.0;0.0;3;24;41;83;0.68000000000000005;0.11;0.10000000000000001;0.11;0;4.849966388365601;53;47;20;1;nein
2019_02_22 08:58;2;0;1;practice;48;18;0;47;36;0;0;0.089999999999999997;0.91000000000000003;0.0;0.0;2;44;81;9;0.20000000000000001;0.25;0.51000000000000001;0.040000000000000001;1;6.083110538658502;53;47;20;1;nein
2019_02_22 08:58;2;0;1;practice;49;38;0;51;89;10;60;0.57999999999999996;0.029999999999999999;0.080000000000000002;0.31;8;84;0;0;0.33000000000000002;0.67000000000000004;0.0;0.0;1;17.332954988633446;53;47;20;1;nein
2019_02_22 08:58;2;0;1;practice;50;25;0;7;18;0;0;0.20999999999999999;0.79000000000000004;0.0;0.0;92;45;33;13;0.41999999999999998;0.17999999999999999;0.22;0.17999999999999999;1;8.133169102441116;53;47;20;1;nein
2019_02_22 08:58;2;0;1;practice;51;7;0;13;31;0;0;0.51000000000000001;0.48999999999999999;0.0;0.0;8;79;42;18;0.85999999999999999;0.089999999999999997;0.02;0.029999999999999999;0;5.5831987371261675;53;47;20;1;nein
2019_02_22 08:58;2;0;1;practice;52;21;0;59;69;0;0;0.34000000000000002;0.66000000000000003;0.0;0.0;64;18;5;24;0.14999999999999999;0.040000000000000001;0.51000000000000001;0.29999999999999999;0;4.883125805011332;53;47;20;1;nein
2019_02_22 08:58;2;0;1;practice;53;35;1;84;95;4;35;0.89000000000000001;0.050000000000000003;0.01;0.050000000000000003;5;98;0;0;0.19;0.81000000000000005;0.0;0.0;1;20.0996084629478;53;47;20;1;nein
2019_02_22 08:58;2;0;1;practice;54;42;1;23;45;91;22;0.72999999999999998;0.02;0.20000000000000001;0.050000000000000003;2;86;0;0;0.40999999999999998;0.58999999999999997;0.0;0.0;1;7.116486442452469;53;47;20;1;nein
2019_02_22 08:58;2;0;1;practice;55;51;1;38;13;51;84;0.91000000000000003;0.070000000000000007;0.01;0.0099999999999999603;4;89;35;16;0.80000000000000004;0.089999999999999997;0.059999999999999998;0.050000000000000003;0;5.449818599806122;53;47;20;1;nein
2019_02_22 08:58;2;0;1;practice;56;11;1;10;44;0;0;0.48999999999999999;0.51000000000000001;0.0;0.0;88;12;54;50;0.17000000000000001;0.75;0.02;0.059999999999999998;0;3.4500559338646326;53;47;20;1;nein
2019_02_22 08:58;2;0;1;practice;57;3;0;20;70;0;0;0.13;0.87;0.0;0.0;95;19;80;73;0.31;0.57999999999999996;0.029999999999999999;0.080000000000000002;0;6.016617553483684;53;47;20;1;nein
2019_02_22 08:58;2;0;1;practice;58;47;1;91;99;90;78;0.93000000000000005;0.040000000000000001;0.02;0.0099999999999999499;10;87;0;0;0.23000000000000001;0.77000000000000002;0.0;0.0;0;4.933185651681015;53;47;20;1;nein
2019_02_22 08:58;2;0;1;practice;59;58;1;44;50;85;42;0.38;0.57999999999999996;0.02;0.02;37;88;19;12;0.20000000000000001;0.29999999999999999;0.46000000000000002;0.040000000000000001;0;5.033229013254868;53;47;20;1;nein
2019_02_22 08:58;2;0;1;practice;60;54;1;69;80;22;55;0.27000000000000002;0.31;0.059999999999999998;0.35999999999999999;52;2;49;90;0.059999999999999998;0.33000000000000002;0.20000000000000001;0.40999999999999998;0;17.23297128129593;53;47;20;1;nein
2019_02_22 08:58;2;0;1;practice;61;69;1;38;74;27;73;0.22;0.19;0.45000000000000001;0.14000000000000001;1;97;79;84;0.28000000000000003;0.45000000000000001;0.17000000000000001;0.10000000000000001;1;23.366209659624474;53;47;20;1;nein
2019_02_22 08:58;2;0;1;practice;62;12;0;45;86;0;0;0.97999999999999998;0.02;0.0;0.0;6;23;95;81;0.14999999999999999;0.40999999999999998;0.050000000000000003;0.39000000000000001;0;3.150088455045079;53;47;20;1;nein
2019_02_22 08:58;2;0;1;practice;63;72;0;86;85;97;43;0.51000000000000001;0.14999999999999999;0.33000000000000002;0.0099999999999999499;72;29;10;90;0.01;0.11;0.65000000000000002;0.23000000000000001;0;3.383197325950732;53;47;20;1;nein
2019_02_22 08:58;2;0;1;practice;64;8;0;20;44;0;0;0.26000000000000001;0.73999999999999999;0.0;0.0;99;3;69;24;0.20999999999999999;0.60999999999999999;0.12;0.060000000000000102;0;4.100035984974966;53;47;20;1;nein
2019_02_22 08:58;2;0;1;practice;65;39;1;53;65;48;75;0.92000000000000004;0.029999999999999999;0.01;0.040000000000000001;16;83;0;0;0.31;0.68999999999999995;0.0;0.0;1;4.100000705587945;53;47;20;1;nein
2019_02_22 08:58;2;0;1;practice;66;65;1;35;15;77;1;0.62;0.33000000000000002;0.029999999999999999;0.02;68;3;25;96;0.38;0.28000000000000003;0.28000000000000003;0.059999999999999901;0;11.249669015204745;53;47;20;1;nein
2019_02_22 08:58;2;0;1;practice;67;52;0;17;61;57;59;0.070000000000000007;0.050000000000000003;0.33000000000000002;0.55000000000000004;12;93;94;62;0.71999999999999997;0.16;0.080000000000000002;0.040000000000000001;0;7.833132027012425;53;47;20;1;nein
2019_02_22 08:58;2;0;1;practice;68;67;1;74;31;10;77;0.11;0.070000000000000007;0.77000000000000002;0.050000000000000003;2;23;8;97;0.56999999999999995;0.01;0.059999999999999998;0.35999999999999999;1;11.983039915740164;53;47;20;1;nein
2019_02_22 08:58;2;0;1;practice;69;61;1;51;48;56;88;0.91000000000000003;0.02;0.01;0.059999999999999998;78;21;14;82;0.55000000000000004;0.29999999999999999;0.070000000000000007;0.080000000000000002;1;5.73318295761851;53;47;20;1;nein
2019_02_22 08:58;2;0;1;practice;70;19;1;25;73;0;0;0.69999999999999996;0.29999999999999999;0.0;0.0;87;84;1;86;0.040000000000000001;0.59999999999999998;0.28000000000000003;0.080000000000000002;1;3.6000125722905523;53;47;20;1;nein
2019_02_22 08:58;2;0;1;practice;71;33;0;54;82;55;71;0.56000000000000005;0.20999999999999999;0.02;0.20999999999999999;13;99;0;0;0.5;0.5;0.0;0.0;1;4.599863115977996;53;47;20;1;nein
2019_02_22 08:58;2;0;1;practice;72;14;0;92;56;0;0;0.11;0.89000000000000001;0.0;0.0;97;31;51;4;0.58999999999999997;0.22;0.080000000000000002;0.11;1;3.8665271741083416;53;47;20;1;nein
2019_02_22 08:58;2;0;1;practice;73;70;1;21;42;14;63;0.96999999999999997;0.01;0.01;0.01;70;2;6;76;0.23999999999999999;0.42999999999999999;0.01;0.32000000000000001;0;9.44980288444276;53;47;20;1;nein
2019_02_22 08:58;2;0;1;practice;74;43;0;11;17;21;44;0.16;0.46000000000000002;0.25;0.13;2;66;0;0;0.44;0.56000000000000005;0.0;0.0;1;4.049878318186757;53;47;20;1;nein
2019_02_22 08:58;2;0;1;practice;75;13;1;15;25;0;0;0.29999999999999999;0.69999999999999996;0.0;0.0;3;43;35;73;0.44;0.40000000000000002;0.01;0.14999999999999999;0;7.94994785065137;53;47;20;1;nein
2019_02_22 08:58;2;1;1;timed;1;74;1;66;47;52;44;0.41999999999999998;0.26000000000000001;0.17999999999999999;0.14000000000000001;17;99;0;0;0.47999999999999998;0.52000000000000002;0.0;0.0;1;2.923661179332157;53;47;20;1;nein
2019_02_22 08:58;2;1;1;timed;2;18;1;68;50;0;0;0.029999999999999999;0.96999999999999997;0.0;0.0;34;64;15;89;0.65000000000000002;0.029999999999999999;0.050000000000000003;0.27000000000000002;0;1.9499019874483565;53;47;20;1;nein
2019_02_22 08:58;2;1;1;timed;3;77;0;24;17;99;41;0.17999999999999999;0.13;0.10000000000000001;0.58999999999999997;12;97;0;0;0.59999999999999998;0.40000000000000002;0.0;0.0;0;3.2000312382936045;53;47;20;1;nein
2019_02_22 08:58;2;1;1;timed;4;53;0;26;70;50;80;0.29999999999999999;0.59999999999999998;0.040000000000000001;0.059999999999999998;89;1;0;0;0.40999999999999998;0.58999999999999997;0.0;0.0;0;2.9333639729466086;53;47;20;1;nein
2019_02_22 08:58;2;1;1;timed;5;95;1;93;88;68;85;0.83999999999999997;0.14000000000000001;0.01;0.01;2;82;0;0;0.41999999999999998;0.57999999999999996;0.0;0.0;1;2.2832277303680257;53;47;20;1;nein
2019_02_22 08:58;2;1;1;timed;6;32;1;19;81;0;0;0.93000000000000005;0.070000000000000007;0.0;0.0;1;65;41;68;0.45000000000000001;0.050000000000000003;0.059999999999999998;0.44;1;4.149889607590467;53;47;20;1;nein
2019_02_22 08:58;2;1;1;timed;7;41;0;99;40;0;0;0.89000000000000001;0.11;0.0;0.0;1;67;52;46;0.51000000000000001;0.38;0.029999999999999999;0.080000000000000002;0;2.5332030347969976;53;47;20;1;nein
2019_02_22 08:58;2;1;1;timed;8;146;0;25;5;64;35;0.94999999999999996;0.02;0.01;0.02;47;97;12;79;0.20999999999999999;0.029999999999999999;0.02;0.73999999999999999;1;2.7665675208982066;53;47;20;1;nein
2019_02_22 08:58;2;1;1;timed;9;16;1;64;53;0;0;0.65000000000000002;0.34999999999999998;0.0;0.0;29;17;81;46;0.10000000000000001;0.01;0.44;0.45000000000000001;0;3.5167092798899375;53;47;20;1;nein
2019_02_22 08:58;2;1;1;timed;10;112;0;70;44;98;64;0.02;0.75;0.12;0.11;33;2;63;85;0.23999999999999999;0.31;0.080000000000000002;0.37;0;2.6166031851512344;53;47;20;1;nein
2019_02_22 08:58;2;1;1;timed;11;87;0;10;30;63;4;0.56999999999999995;0.12;0.16;0.14999999999999999;86;2;0;0;0.42999999999999999;0.56999999999999995;0.0;0.0;1;3.649987748430931;53;47;20;1;nein
2019_02_22 08:58;2;1;1;timed;12;116;1;53;65;43;99;0.56999999999999995;0.37;0.050000000000000003;0.010000000000000101;57;72;11;87;0.67000000000000004;0.13;0.14999999999999999;0.050000000000000003;1;2.9499128919860595;53;47;20;1;nein
2019_02_22 08:58;2;1;1;timed;13;139;1;44;31;16;8;0.79000000000000004;0.070000000000000007;0.13;0.0099999999999999499;92;58;2;88;0.55000000000000004;0.070000000000000007;0.34000000000000002;0.039999999999999897;1;2.3999800511101057;53;47;20;1;nein
2019_02_22 08:58;2;1;1;timed;14;140;0;36;32;26;27;0.39000000000000001;0.14999999999999999;0.19;0.27000000000000002;44;3;99;25;0.29999999999999999;0.34000000000000002;0.34000000000000002;0.0199999999999999;0;3.3332340165134156;53;47;20;1;nein
2019_02_22 08:58;2;1;1;timed;15;40;0;45;49;0;0;0.68999999999999995;0.31;0.0;0.0;2;92;65;73;0.23999999999999999;0.59999999999999998;0.11;0.050000000000000003;1;3.016702224012761;53;47;20;1;nein
2019_02_22 08:58;2;1;1;timed;16;111;1;51;36;48;27;0.93000000000000005;0.01;0.01;0.049999999999999899;31;78;30;53;0.55000000000000004;0.16;0.029999999999999999;0.26000000000000001;0;3.049909428191768;53;47;20;1;nein
2019_02_22 08:58;2;1;1;timed;17;130;0;37;79;23;95;0.94999999999999996;0.029999999999999999;0.01;0.01;94;4;58;49;0.46000000000000002;0.5;0.029999999999999999;0.01;1;3.1501067361821242;53;47;20;1;nein
2019_02_22 08:58;2;1;1;timed;18;142;0;98;65;64;84;0.88;0.070000000000000007;0.01;0.040000000000000001;5;68;60;16;0.46000000000000002;0.080000000000000002;0.27000000000000002;0.19;0;2.3333847557125864;53;47;20;1;nein
2019_02_22 08:58;2;1;1;timed;19;136;1;29;67;14;75;0.46000000000000002;0.29999999999999999;0.20999999999999999;0.0300000000000001;70;86;1;85;0.31;0.39000000000000001;0.27000000000000002;0.029999999999999898;1;3.599902885468964;53;47;20;1;nein
2019_02_22 08:58;2;1;1;timed;20;85;1;31;22;82;50;0.11;0.69999999999999996;0.01;0.17999999999999999;3;99;0;0;0.62;0.38;0.0;0.0;0;3.916542440460944;53;47;20;1;nein
2019_02_22 08:58;2;1;1;timed;21;76;0;39;62;9;28;0.01;0.51000000000000001;0.26000000000000001;0.22;77;7;0;0;0.57999999999999996;0.41999999999999998;0.0;0.0;1;3.4166787471840507;53;47;20;1;nein
2019_02_22 08:58;2;1;1;timed;22;29;1;44;51;0;0;0.78000000000000003;0.22;0.0;0.0;74;1;68;82;0.69999999999999996;0.28000000000000003;0.01;0.01;1;3.0333438316238244;53;47;20;1;nein
2019_02_22 08:58;2;1;1;timed;23;106;1;85;69;22;61;0.10000000000000001;0.58999999999999997;0.17999999999999999;0.13;20;79;91;84;0.55000000000000004;0.14999999999999999;0.26000000000000001;0.039999999999999897;0;3.4999913405140433;53;47;20;1;nein
2019_02_22 08:58;2;1;1;timed;24;55;0;74;55;47;48;0.60999999999999999;0.31;0.070000000000000007;0.01;97;6;0;0;0.42999999999999999;0.56999999999999995;0.0;0.0;0;3.216525955365796;53;47;20;1;nein
2019_02_22 08:58;2;1;1;timed;25;15;0;77;81;0;0;0.28000000000000003;0.71999999999999997;0.0;0.0;98;14;87;18;0.55000000000000004;0.23000000000000001;0.16;0.059999999999999901;1;2.1499197554303464;53;47;20;1;nein
2019_02_22 08:58;2;1;1;timed;26;35;1;33;37;0;0;0.88;0.12;0.0;0.0;63;4;79;98;0.16;0.46000000000000002;0.17000000000000001;0.20999999999999999;0;3.7165731014556513;53;47;20;1;nein
2019_02_22 08:58;2;1;1;timed;27;21;0;64;28;0;0;0.080000000000000002;0.92000000000000004;0.0;0.0;50;1;88;13;0.57999999999999996;0.13;0.02;0.27000000000000002;1;3.783268462023898;53;47;20;1;nein
2019_02_22 08:58;2;1;1;timed;28;36;1;70;17;0;0;0.33000000000000002;0.67000000000000004;0.0;0.0;84;1;12;88;0.22;0.27000000000000002;0.14000000000000001;0.37;1;4.449881461259338;53;47;20;1;nein
2019_02_22 08:58;2;1;1;timed;29;104;1;55;85;93;3;0.87;0.02;0.089999999999999997;0.02;1;2;90;8;0.35999999999999999;0.070000000000000007;0.40000000000000002;0.17000000000000001;NA;4.6165265326649205;53;47;20;1;nein
2019_02_22 08:58;2;1;1;timed;30;121;0;42;51;47;70;0.41999999999999998;0.17000000000000001;0.23999999999999999;0.17000000000000001;21;76;48;9;0.14999999999999999;0.34000000000000002;0.40999999999999998;0.10000000000000001;1;1.7999655544895177;53;47;20;1;nein
2019_02_22 08:58;2;1;1;timed;31;25;1;50;53;0;0;0.82999999999999996;0.17000000000000001;0.0;0.0;83;16;97;4;0.45000000000000001;0.29999999999999999;0.11;0.14000000000000001;0;1.7832338240805257;53;47;20;1;nein
2019_02_22 08:58;2;1;1;timed;32;43;0;60;83;0;0;0.23000000000000001;0.77000000000000002;0.0;0.0;72;5;70;12;0.29999999999999999;0.40999999999999998;0.12;0.17000000000000001;0;1.7999084660268636;53;47;20;1;nein
2019_02_22 08:58;2;1;1;timed;33;12;1;53;68;0;0;0.31;0.68999999999999995;0.0;0.0;69;54;97;29;0.25;0.20999999999999999;0.20000000000000001;0.34000000000000002;0;1.633255697300683;53;47;20;1;nein
2019_02_22 08:58;2;1;1;timed;34;17;1;81;52;0;0;0.059999999999999998;0.93999999999999995;0.0;0.0;34;3;69;41;0.01;0.22;0.75;0.02;0;2.850025721880229;53;47;20;1;nein
2019_02_22 08:58;2;1;1;timed;35;44;1;79;74;0;0;0.71999999999999997;0.28000000000000003;0.0;0.0;3;67;15;36;0.41999999999999998;0.53000000000000003;0.02;0.029999999999999999;0;1.6833883477956988;53;47;20;1;nein
2019_02_22 08:58;2;1;1;timed;36;110;1;47;44;23;52;0.13;0.27000000000000002;0.040000000000000001;0.56000000000000005;99;2;30;22;0.28999999999999998;0.5;0.11;0.10000000000000001;0;2.816665854171788;53;47;20;1;nein
2019_02_22 08:58;2;1;1;timed;37;109;0;75;28;16;56;0.19;0.070000000000000007;0.059999999999999998;0.68000000000000005;3;50;98;44;0.5;0.02;0.34999999999999998;0.13;0;2.700057216751702;53;47;20;1;nein
2019_02_22 08:58;2;1;1;timed;38;7;1;49;29;0;0;0.95999999999999996;0.040000000000000001;0.0;0.0;23;99;64;25;0.68999999999999995;0.12;0.059999999999999998;0.13;0;2.3499327125873606;53;47;20;1;nein
2019_02_22 08:58;2;1;1;timed;39;26;0;76;41;0;0;0.57999999999999996;0.41999999999999998;0.0;0.0;61;79;84;2;0.13;0.029999999999999999;0.67000000000000004;0.17000000000000001;1;1.74991949885316;53;47;20;1;nein
2019_02_22 08:58;2;1;1;timed;40;71;0;68;55;36;51;0.20000000000000001;0.75;0.02;0.029999999999999999;38;81;0;0;0.52000000000000002;0.47999999999999998;0.0;0.0;1;2.7500384866038985;53;47;20;1;nein
2019_02_22 08:58;2;1;1;timed;41;94;0;84;86;93;39;0.78000000000000003;0.20000000000000001;0.01;0.0099999999999999603;9;83;0;0;0.46999999999999997;0.53000000000000003;0.0;0.0;0;3.2667121663853322;53;47;20;1;nein
2019_02_22 08:58;2;1;1;timed;42;65;0;75;64;59;52;0.59999999999999998;0.22;0.14000000000000001;0.040000000000000001;1;99;0;0;0.35999999999999999;0.64000000000000001;0.0;0.0;1;2.716536218460078;53;47;20;1;nein
2019_02_22 08:58;2;1;1;timed;43;99;0;8;24;15;73;0.56000000000000005;0.35999999999999999;0.070000000000000007;0.0099999999999999499;88;12;0;0;0.52000000000000002;0.47999999999999998;0.0;0.0;1;2.633332029065059;53;47;20;1;nein
2019_02_22 08:58;2;1;1;timed;44;30;0;33;30;0;0;0.71999999999999997;0.28000000000000003;0.0;0.0;9;88;1;14;0.55000000000000004;0.39000000000000001;0.01;0.049999999999999899;0;3.583192964135833;53;47;20;1;nein
2019_02_22 08:58;2;1;1;timed;45;108;1;48;72;39;70;0.14000000000000001;0.66000000000000003;0.02;0.17999999999999999;81;44;98;8;0.59999999999999998;0.029999999999999999;0.050000000000000003;0.32000000000000001;1;2.7000838366529933;53;47;20;1;nein
2019_02_22 08:58;2;1;1;timed;46;46;0;5;19;0;0;0.32000000000000001;0.68000000000000005;0.0;0.0;88;38;97;66;0.60999999999999999;0.20000000000000001;0.040000000000000001;0.14999999999999999;1;2.133252490083123;53;47;20;1;nein
2019_02_22 08:58;2;1;1;timed;47;60;0;64;59;57;96;0.83999999999999997;0.13;0.02;0.01;83;6;0;0;0.54000000000000004;0.46000000000000002;0.0;0.0;1;2.88332369030104;53;47;20;1;nein
2019_02_22 08:58;2;1;1;timed;48;66;0;89;23;27;15;0.070000000000000007;0.54000000000000004;0.17000000000000001;0.22;9;73;0;0;0.72999999999999998;0.27000000000000002;0.0;0.0;0;2.5333322856422456;53;47;20;1;nein
2019_02_22 08:58;2;1;1;timed;49;8;1;50;36;0;0;0.080000000000000002;0.92000000000000004;0.0;0.0;6;19;84;29;0.54000000000000004;0.070000000000000007;0.17000000000000001;0.22;0;2.833349797047049;53;47;20;1;nein
2019_02_22 08:58;2;1;1;timed;50;88;1;77;13;12;7;0.12;0.19;0.66000000000000003;0.029999999999999898;94;2;0;0;0.40999999999999998;0.58999999999999997;0.0;0.0;1;3.4333601242860823;53;47;20;1;nein
2019_02_22 08:58;2;1;1;timed;51;81;1;67;38;52;65;0.27000000000000002;0.35999999999999999;0.01;0.35999999999999999;2;77;0;0;0.14000000000000001;0.85999999999999999;0.0;0.0;1;2.4499273244628057;53;47;20;1;nein
2019_02_22 08:58;2;1;1;timed;52;138;1;8;20;43;51;0.38;0.5;0.02;0.10000000000000001;72;82;70;1;0.39000000000000001;0.050000000000000003;0.070000000000000007;0.48999999999999999;0;3.4333088088142176;53;47;20;1;nein
2019_02_22 08:58;2;1;1;timed;53;47;0;2;40;0;0;0.45000000000000001;0.55000000000000004;0.0;0.0;93;89;11;56;0.58999999999999997;0.070000000000000007;0.28000000000000003;0.059999999999999998;1;2.6165829796841535;53;47;20;1;nein
2019_02_22 08:58;2;1;1;timed;54;129;0;12;29;81;36;0.17999999999999999;0.79000000000000004;0.01;0.02;5;19;95;92;0.47999999999999998;0.26000000000000001;0.13;0.13;0;2.89996305286013;53;47;20;1;nein
2019_02_22 08:58;2;1;1;timed;55;10;1;45;62;0;0;0.059999999999999998;0.93999999999999995;0.0;0.0;17;99;28;67;0.58999999999999997;0.34000000000000002;0.01;0.059999999999999998;0;2.049921294894375;53;47;20;1;nein
2019_02_22 08:58;2;1;1;timed;56;115;1;50;28;61;79;0.83999999999999997;0.040000000000000001;0.059999999999999998;0.059999999999999998;1;26;97;55;0.45000000000000001;0.080000000000000002;0.40999999999999998;0.060000000000000102;0;2.33325197692875;53;47;20;1;nein
2019_02_22 08:58;2;1;1;timed;57;67;0;44;42;8;89;0.88;0.070000000000000007;0.029999999999999999;0.02;10;63;0;0;0.39000000000000001;0.60999999999999999;0.0;0.0;1;2.483383729403158;53;47;20;1;nein
2019_02_22 08:58;2;1;1;timed;58;2;0;59;32;0;0;0.080000000000000002;0.92000000000000004;0.0;0.0;33;38;85;1;0.28999999999999998;0.050000000000000003;0.070000000000000007;0.58999999999999997;0;3.116725380119533;53;47;20;1;nein
2019_02_22 08:58;2;1;1;timed;59;91;0;74;81;86;48;0.93000000000000005;0.02;0.01;0.039999999999999897;7;64;0;0;0.13;0.87;0.0;0.0;0;2.8832457549274295;53;47;20;1;nein
2019_02_22 08:58;2;1;1;timed;60;92;1;90;86;65;94;0.16;0.34000000000000002;0.28000000000000003;0.22;79;22;0;0;0.35999999999999999;0.64000000000000001;0.0;0.0;0;2.8165805421990626;53;47;20;1;nein
2019_02_22 08:58;2;1;1;timed;61;113;0;85;65;39;64;0.44;0.34000000000000002;0.13;0.089999999999999997;87;2;4;35;0.67000000000000004;0.17000000000000001;0.11;0.049999999999999899;0;2.4332613420024245;53;47;20;1;nein
2019_02_22 08:58;2;1;1;timed;62;14;0;36;40;0;0;0.54000000000000004;0.46000000000000002;0.0;0.0;99;70;1;11;0.16;0.089999999999999997;0.080000000000000002;0.67000000000000004;0;2.783246652948492;53;47;20;1;nein
2019_02_22 08:58;2;1;1;timed;63;126;0;16;55;51;42;0.68999999999999995;0.23999999999999999;0.01;0.060000000000000102;66;4;1;5;0.46999999999999997;0.38;0.089999999999999997;0.059999999999999998;1;3.26654827759603;53;47;20;1;nein
2019_02_22 08:58;2;1;1;timed;64;73;1;65;68;70;47;0.25;0.23000000000000001;0.20999999999999999;0.31;27;95;0;0;0.45000000000000001;0.55000000000000004;0.0;0.0;1;2.383227153068674;53;47;20;1;nein
2019_02_22 08:58;2;1;1;timed;65;42;1;70;48;0;0;0.79000000000000004;0.20999999999999999;0.0;0.0;51;8;12;67;0.19;0.26000000000000001;0.28999999999999998;0.26000000000000001;0;1.999932969164547;53;47;20;1;nein
2019_02_22 08:58;2;1;1;timed;66;98;0;27;10;31;79;0.23000000000000001;0.67000000000000004;0.070000000000000007;0.029999999999999999;25;99;0;0;0.38;0.62;0.0;0.0;1;2.183251720351109;53;47;20;1;nein
2019_02_22 08:58;2;1;1;timed;67;143;1;88;44;56;73;0.95999999999999996;0.02;0.01;0.01;20;3;87;32;0.19;0.40000000000000002;0.28000000000000003;0.13;0;1.9999271961742124;53;47;20;1;nein
2019_02_22 08:58;2;1;1;timed;68;103;0;38;49;89;50;0.89000000000000001;0.070000000000000007;0.01;0.029999999999999999;6;64;99;27;0.70999999999999996;0.17999999999999999;0.059999999999999998;0.050000000000000003;1;3.916491445711017;53;47;20;1;nein
2019_02_22 08:58;2;1;1;timed;69;50;1;15;20;0;0;0.82999999999999996;0.17000000000000001;0.0;0.0;97;18;88;87;0.56999999999999995;0.39000000000000001;0.01;0.029999999999999999;1;2.8665614913302306;53;47;20;1;nein
2019_02_22 08:58;2;1;1;timed;70;93;0;87;81;73;98;0.80000000000000004;0.040000000000000001;0.14999999999999999;0.0099999999999999499;5;71;0;0;0.51000000000000001;0.48999999999999999;0.0;0.0;0;2.783235427688851;53;47;20;1;nein
2019_02_22 08:58;2;1;1;timed;71;59;0;56;47;83;90;0.31;0.12;0.54000000000000004;0.029999999999999898;10;98;0;0;0.46999999999999997;0.53000000000000003;0.0;0.0;1;2.533245690783133;53;47;20;1;nein
2019_02_22 08:58;2;1;1;timed;72;96;0;51;54;39;7;0.17000000000000001;0.26000000000000001;0.10000000000000001;0.46999999999999997;24;96;0;0;0.28000000000000003;0.71999999999999997;0.0;0.0;1;2.116599657212646;53;47;20;1;nein
2019_02_22 08:58;2;1;1;timed;73;101;0;30;96;61;45;0.65000000000000002;0.14000000000000001;0.11;0.10000000000000001;3;98;63;89;0.75;0.19;0.040000000000000001;0.02;0;2.4665852888801965;53;47;20;1;nein
2019_02_22 08:58;2;1;1;timed;74;39;1;14;33;0;0;0.78000000000000003;0.22;0.0;0.0;93;84;1;25;0.14000000000000001;0.23999999999999999;0.39000000000000001;0.23000000000000001;1;2.6166958737230743;53;47;20;1;nein
2019_02_22 08:58;2;1;1;timed;75;37;0;14;98;0;0;0.93000000000000005;0.070000000000000007;0.0;0.0;41;2;87;66;0.17999999999999999;0.48999999999999999;0.32000000000000001;0.010000000000000101;1;3.899822576755014;53;47;20;1;nein
2019_02_22 08:58;2;2;1;control;1;115;1;50;28;61;79;0.83999999999999997;0.040000000000000001;0.059999999999999998;0.059999999999999998;1;26;97;55;0.45000000000000001;0.080000000000000002;0.40999999999999998;0.060000000000000102;0;2.1451393984802962;53;47;20;1;nein
2019_02_22 08:58;2;2;1;control;2;17;0;81;52;0;0;0.059999999999999998;0.93999999999999995;0.0;0.0;34;3;69;41;0.01;0.22;0.75;0.02;0;2.266593178634139;53;47;20;1;nein
2019_02_22 08:58;2;2;1;control;3;13;1;52;56;0;0;0.46999999999999997;0.53000000000000003;0.0;0.0;94;71;27;2;0.089999999999999997;0.31;0.57999999999999996;0.020000000000000101;0;2.683217723850703;53;47;20;1;nein
2019_02_22 08:58;2;2;1;control;4;134;0;57;48;50;55;0.02;0.62;0.17999999999999999;0.17999999999999999;80;96;15;18;0.23999999999999999;0.35999999999999999;0.33000000000000002;0.070000000000000007;0;1.816723904799801;53;47;20;1;nein
2019_02_22 08:58;2;2;1;control;5;8;1;50;36;0;0;0.080000000000000002;0.92000000000000004;0.0;0.0;6;19;84;29;0.54000000000000004;0.070000000000000007;0.17000000000000001;0.22;0;1.849869530412434;53;47;20;1;nein
2019_02_22 08:58;2;2;1;control;6;63;1;56;78;42;36;0.93000000000000005;0.040000000000000001;0.01;0.0199999999999999;2;72;0;0;0.32000000000000001;0.68000000000000005;0.0;0.0;0;1.8499176386671934;53;47;20;1;nein
2019_02_22 08:58;2;2;1;control;7;133;1;59;88;60;36;0.67000000000000004;0.070000000000000007;0.12;0.14000000000000001;7;91;66;61;0.25;0.68999999999999995;0.01;0.0500000000000001;1;2.716636604352516;53;47;20;1;nein
2019_02_22 08:58;2;2;1;control;8;102;1;40;56;53;17;0.28000000000000003;0.26000000000000001;0.14999999999999999;0.31;1;76;29;62;0.68000000000000005;0.23000000000000001;0.050000000000000003;0.039999999999999897;0;2.6500371395732145;53;47;20;1;nein
2019_02_22 08:58;2;2;1;control;9;120;0;64;40;48;51;0.19;0.02;0.070000000000000007;0.71999999999999997;97;9;79;94;0.23000000000000001;0.54000000000000004;0.01;0.22;0;2.616704533209031;53;47;20;1;nein
2019_02_22 08:58;2;2;1;control;10;137;1;71;22;28;17;0.25;0.46000000000000002;0.050000000000000003;0.23999999999999999;3;98;92;69;0.42999999999999999;0.23999999999999999;0.20000000000000001;0.13;1;2.883218172861234;53;47;20;1;nein
2019_02_22 08:58;2;2;1;control;11;57;0;52;35;23;47;0.22;0.68000000000000005;0.040000000000000001;0.059999999999999998;71;7;0;0;0.28999999999999998;0.70999999999999996;0.0;0.0;0;2.4164475068378124;53;47;20;1;nein
2019_02_22 08:58;2;2;1;control;12;74;0;66;47;52;44;0.41999999999999998;0.26000000000000001;0.17999999999999999;0.14000000000000001;17;99;0;0;0.47999999999999998;0.52000000000000002;0.0;0.0;1;1.68323119416209;53;47;20;1;nein
2019_02_22 08:58;2;2;1;control;13;69;0;54;34;64;49;0.34000000000000002;0.25;0.20999999999999999;0.20000000000000001;14;98;0;0;0.62;0.38;0.0;0.0;0;2.7331903342173973;53;47;20;1;nein
2019_02_22 08:58;2;2;1;control;14;40;1;45;49;0;0;0.68999999999999995;0.31;0.0;0.0;2;92;65;73;0.23999999999999999;0.59999999999999998;0.11;0.050000000000000003;1;2.5500579223394197;53;47;20;1;nein
2019_02_22 08:58;2;2;1;control;15;140;1;36;32;26;27;0.39000000000000001;0.14999999999999999;0.19;0.27000000000000002;44;3;99;25;0.29999999999999999;0.34000000000000002;0.34000000000000002;0.0199999999999999;0;2.7999068624180836;53;47;20;1;nein
2019_02_22 08:58;2;2;1;control;16;132;1;27;70;21;19;0.64000000000000001;0.23000000000000001;0.029999999999999999;0.10000000000000001;11;85;55;6;0.39000000000000001;0.46999999999999997;0.029999999999999999;0.11;1;2.366715117024796;53;47;20;1;nein
2019_02_22 08:58;2;2;1;control;17;131;1;83;41;81;88;0.23999999999999999;0.58999999999999997;0.10000000000000001;0.070000000000000007;82;97;4;17;0.26000000000000001;0.46999999999999997;0.11;0.16;1;2.216581119498187;53;47;20;1;nein
2019_02_22 08:58;2;2;1;control;18;130;0;37;79;23;95;0.94999999999999996;0.029999999999999999;0.01;0.01;94;4;58;49;0.46000000000000002;0.5;0.029999999999999999;0.01;1;3.4498776125992663;53;47;20;1;nein
2019_02_22 08:58;2;2;1;control;19;20;1;44;40;0;0;0.91000000000000003;0.089999999999999997;0.0;0.0;29;5;80;99;0.25;0.40000000000000002;0.26000000000000001;0.089999999999999997;0;2.350310522750533;53;47;20;1;nein
2019_02_22 08:58;2;2;1;control;20;99;1;8;24;15;73;0.56000000000000005;0.35999999999999999;0.070000000000000007;0.0099999999999999499;88;12;0;0;0.52000000000000002;0.47999999999999998;0.0;0.0;1;2.7499156501930884;53;47;20;1;nein
2019_02_22 08:58;2;2;1;control;21;59;0;56;47;83;90;0.31;0.12;0.54000000000000004;0.029999999999999898;10;98;0;0;0.46999999999999997;0.53000000000000003;0.0;0.0;1;1.7500506740284436;53;47;20;1;nein
2019_02_22 08:58;2;2;1;control;22;65;0;75;64;59;52;0.59999999999999998;0.22;0.14000000000000001;0.040000000000000001;1;99;0;0;0.35999999999999999;0.64000000000000001;0.0;0.0;1;1.6499130202751076;53;47;20;1;nein
2019_02_22 08:58;2;2;1;control;23;122;1;35;58;25;31;0.81999999999999995;0.070000000000000007;0.080000000000000002;0.029999999999999999;18;64;68;89;0.63;0.17000000000000001;0.11;0.089999999999999997;0;3.866820313743119;53;47;20;1;nein
2019_02_22 08:58;2;2;1;control;24;21;1;64;28;0;0;0.080000000000000002;0.92000000000000004;0.0;0.0;50;1;88;13;0.57999999999999996;0.13;0.02;0.27000000000000002;0;1.883399701343933;53;47;20;1;nein
2019_02_22 08:58;2;2;1;control;25;71;1;68;55;36;51;0.20000000000000001;0.75;0.02;0.029999999999999999;38;81;0;0;0.52000000000000002;0.47999999999999998;0.0;0.0;1;3.3166459694261903;53;47;20;1;nein
2019_02_22 08:58;2;2;1;control;26;84;1;43;10;5;45;0.78000000000000003;0.13;0.059999999999999998;0.029999999999999999;87;1;0;0;0.57999999999999996;0.41999999999999998;0.0;0.0;1;2.3165782971473163;53;47;20;1;nein
2019_02_22 08:58;2;2;1;control;27;5;0;70;5;0;0;0.98999999999999999;0.01;0.0;0.0;92;87;47;1;0.44;0.02;0.16;0.38;1;3.349865040308032;53;47;20;1;nein
2019_02_22 08:58;2;2;1;control;28;93;0;87;81;73;98;0.80000000000000004;0.040000000000000001;0.14999999999999999;0.0099999999999999499;5;71;0;0;0.51000000000000001;0.48999999999999999;0.0;0.0;0;2.6833825748049094;53;47;20;1;nein
2019_02_22 08:58;2;2;1;control;29;87;1;10;30;63;4;0.56999999999999995;0.12;0.16;0.14999999999999999;86;2;0;0;0.42999999999999999;0.56999999999999995;0.0;0.0;0;4.249898651942658;53;47;20;1;nein
2019_02_22 08:58;2;2;1;control;30;100;0;27;14;59;52;0.02;0.95999999999999996;0.01;0.01;17;98;0;0;0.48999999999999999;0.51000000000000001;0.0;0.0;1;3.3499272603180543;53;47;20;1;nein
2019_02_22 08:58;2;2;1;control;31;9;0;61;69;0;0;0.93999999999999995;0.060000000000000102;0.0;0.0;18;93;72;16;0.40999999999999998;0.34999999999999998;0.089999999999999997;0.14999999999999999;0;1.9499276451842888;53;47;20;1;nein
2019_02_22 08:58;2;2;1;control;32;125;0;37;41;10;35;0.91000000000000003;0.040000000000000001;0.029999999999999999;0.02;7;13;91;93;0.26000000000000001;0.39000000000000001;0.16;0.19;1;2.7332268964914874;53;47;20;1;nein
2019_02_22 08:58;2;2;1;control;33;80;0;47;39;45;10;0.13;0.76000000000000001;0.059999999999999998;0.050000000000000003;2;87;0;0;0.48999999999999999;0.51000000000000001;0.0;0.0;1;2.2165670077438335;53;47;20;1;nein
2019_02_22 08:58;2;2;1;control;34;97;0;17;33;32;74;0.94999999999999996;0.01;0.029999999999999999;0.01;76;23;0;0;0.33000000000000002;0.67000000000000004;0.0;0.0;1;2.583239148060329;53;47;20;1;nein
2019_02_22 08:58;2;2;1;control;35;48;0;13;32;0;0;0.90000000000000002;0.10000000000000001;0.0;0.0;24;99;84;94;0.62;0.14999999999999999;0.20000000000000001;0.029999999999999999;1;7.26651075315749;53;47;20;1;nein
2019_02_22 08:58;2;2;1;control;36;66;0;89;23;27;15;0.070000000000000007;0.54000000000000004;0.17000000000000001;0.22;9;73;0;0;0.72999999999999998;0.27000000000000002;0.0;0.0;0;4.933172181369173;53;47;20;1;nein
2019_02_22 08:58;2;2;1;control;37;33;0;27;70;0;0;0.88;0.12;0.0;0.0;93;3;77;16;0.080000000000000002;0.40000000000000002;0.5;0.02;0;2.516743597112054;53;47;20;1;nein
2019_02_22 08:58;2;2;1;control;38;55;0;74;55;47;48;0.60999999999999999;0.31;0.070000000000000007;0.01;97;6;0;0;0.42999999999999999;0.56999999999999995;0.0;0.0;0;3.9499933931333544;53;47;20;1;nein
2019_02_22 08:58;2;2;1;control;39;147;1;39;43;76;28;0.14000000000000001;0.10000000000000001;0.10000000000000001;0.66000000000000003;6;31;68;85;0.27000000000000002;0.20000000000000001;0.22;0.31;1;2.7832440871748076;53;47;20;1;nein
2019_02_22 08:58;2;2;1;control;40;2;1;59;32;0;0;0.080000000000000002;0.92000000000000004;0.0;0.0;33;38;85;1;0.28999999999999998;0.050000000000000003;0.070000000000000007;0.58999999999999997;0;3.8167290363467146;53;47;20;1;nein
2019_02_22 08:58;2;2;1;control;41;36;0;70;17;0;0;0.33000000000000002;0.67000000000000004;0.0;0.0;84;1;12;88;0.22;0.27000000000000002;0.14000000000000001;0.37;1;6.383157556459992;53;47;20;1;nein
2019_02_22 08:58;2;2;1;control;42;34;0;32;48;0;0;0.28000000000000003;0.71999999999999997;0.0;0.0;97;83;7;62;0.040000000000000001;0.54000000000000004;0.35999999999999999;0.059999999999999901;0;2.1500470819455586;53;47;20;1;nein
2019_02_22 08:58;2;2;1;control;43;62;1;12;45;16;50;0.20999999999999999;0.76000000000000001;0.02;0.01;92;15;0;0;0.20999999999999999;0.79000000000000004;0.0;0.0;1;5.44988755497161;53;47;20;1;nein
2019_02_22 08:58;2;2;1;control;44;24;0;35;27;0;0;0.070000000000000007;0.93000000000000005;0.0;0.0;62;3;81;95;0.35999999999999999;0.55000000000000004;0.01;0.080000000000000002;0;3.4167656627651013;53;47;20;1;nein
2019_02_22 08:58;2;2;1;control;45;79;1;52;46;29;22;0.17999999999999999;0.51000000000000001;0.23999999999999999;0.070000000000000104;93;14;0;0;0.45000000000000001;0.55000000000000004;0.0;0.0;1;4.783270386354161;53;47;20;1;nein
2019_02_22 08:58;2;2;1;control;46;16;0;64;53;0;0;0.65000000000000002;0.34999999999999998;0.0;0.0;29;17;81;46;0.10000000000000001;0.01;0.44;0.45000000000000001;0;2.5166788113283474;53;47;20;1;nein
2019_02_22 08:58;2;2;1;control;47;148;0;37;63;55;10;0.72999999999999998;0.070000000000000007;0.029999999999999999;0.17000000000000001;80;14;23;70;0.46999999999999997;0.10000000000000001;0.23000000000000001;0.20000000000000001;1;2.683222213955105;53;47;20;1;nein
2019_02_22 08:58;2;2;1;control;48;108;1;48;72;39;70;0.14000000000000001;0.66000000000000003;0.02;0.17999999999999999;81;44;98;8;0.59999999999999998;0.029999999999999999;0.050000000000000003;0.32000000000000001;1;3.1332168899748467;53;47;20;1;nein
2019_02_22 08:58;2;2;1;control;49;67;0;44;42;8;89;0.88;0.070000000000000007;0.029999999999999999;0.02;10;63;0;0;0.39000000000000001;0.60999999999999999;0.0;0.0;1;4.349872416907601;53;47;20;1;nein
2019_02_22 08:58;2;2;1;control;50;72;1;63;82;51;61;0.01;0.96999999999999997;0.01;0.01;92;12;0;0;0.89000000000000001;0.11;0.0;0.0;1;2.883231963894559;53;47;20;1;nein
2019_02_22 08:58;2;2;1;control;51;95;0;93;88;68;85;0.83999999999999997;0.14000000000000001;0.01;0.01;2;82;0;0;0.41999999999999998;0.57999999999999996;0.0;0.0;0;3.7666444941064583;53;47;20;1;nein
2019_02_22 08:58;2;2;1;control;52;138;0;8;20;43;51;0.38;0.5;0.02;0.10000000000000001;72;82;70;1;0.39000000000000001;0.050000000000000003;0.070000000000000007;0.48999999999999999;1;6.083185908258201;53;47;20;1;nein
2019_02_22 08:58;2;2;1;control;53;77;0;24;17;99;41;0.17999999999999999;0.13;0.10000000000000001;0.58999999999999997;12;97;0;0;0.59999999999999998;0.40000000000000002;0.0;0.0;1;6.349839061850616;53;47;20;1;nein
2019_02_22 08:58;2;2;1;control;54;56;0;28;84;37;41;0.68000000000000005;0.28000000000000003;0.02;0.0199999999999999;6;95;0;0;0.72999999999999998;0.27000000000000002;0.0;0.0;0;3.9832262550480664;53;47;20;1;nein
2019_02_22 08:58;2;2;1;control;55;15;0;77;81;0;0;0.28000000000000003;0.71999999999999997;0.0;0.0;98;14;87;18;0.55000000000000004;0.23000000000000001;0.16;0.059999999999999901;0;3.299910390356672;53;47;20;1;nein
2019_02_22 08:58;2;2;1;control;56;52;0;71;51;10;54;0.22;0.12;0.19;0.46999999999999997;91;1;0;0;0.29999999999999999;0.69999999999999996;0.0;0.0;0;4.033383601114565;53;47;20;1;nein
2019_02_22 08:58;2;2;1;control;57;118;0;62;52;65;68;0.40999999999999998;0.44;0.10000000000000001;0.0500000000000001;79;20;14;37;0.56999999999999995;0.23999999999999999;0.14000000000000001;0.050000000000000003;1;5.1998432953769225;53;47;20;1;nein
2019_02_22 08:58;2;2;1;control;58;51;0;52;23;43;16;0.60999999999999999;0.20999999999999999;0.01;0.17000000000000001;92;7;0;0;0.14999999999999999;0.84999999999999998;0.0;0.0;0;5.84990031969528;53;47;20;1;nein
2019_02_22 08:58;2;2;1;control;59;54;1;44;79;78;52;0.79000000000000004;0.19;0.01;0.0099999999999999603;96;1;0;0;0.28000000000000003;0.71999999999999997;0.0;0.0;0;4.049874469526458;53;47;20;1;nein
2019_02_22 08:58;2;2;1;control;60;142;0;98;65;64;84;0.88;0.070000000000000007;0.01;0.040000000000000001;5;68;60;16;0.46000000000000002;0.080000000000000002;0.27000000000000002;0.19;0;2.3168185177009946;53;47;20;1;nein
2019_02_22 08:58;2;2;1;control;61;94;0;84;86;93;39;0.78000000000000003;0.20000000000000001;0.01;0.0099999999999999603;9;83;0;0;0.46999999999999997;0.53000000000000003;0.0;0.0;0;4.333375775505374;53;47;20;1;nein
2019_02_22 08:58;2;2;1;control;62;111;1;51;36;48;27;0.93000000000000005;0.01;0.01;0.049999999999999899;31;78;30;53;0.55000000000000004;0.16;0.029999999999999999;0.26000000000000001;0;4.816738016554609;53;47;20;1;nein
2019_02_22 08:58;2;2;1;control;63;113;1;85;65;39;64;0.44;0.34000000000000002;0.13;0.089999999999999997;87;2;4;35;0.67000000000000004;0.17000000000000001;0.11;0.049999999999999899;1;2.5000654272271277;53;47;20;1;nein
2019_02_22 08:58;2;2;1;control;64;11;0;17;36;0;0;0.14000000000000001;0.85999999999999999;0.0;0.0;19;41;34;95;0.88;0.02;0.050000000000000003;0.050000000000000003;1;5.616692666505514;53;47;20;1;nein
2019_02_22 08:58;2;2;1;control;65;47;0;2;40;0;0;0.45000000000000001;0.55000000000000004;0.0;0.0;93;89;11;56;0.58999999999999997;0.070000000000000007;0.28000000000000003;0.059999999999999998;1;3.7165872132104596;53;47;20;1;nein
2019_02_22 08:58;2;2;1;control;66;144;1;99;93;90;71;0.65000000000000002;0.32000000000000001;0.01;0.02;97;14;48;73;0.23000000000000001;0.46000000000000002;0.13;0.17999999999999999;0;1.8998806273830269;53;47;20;1;nein
2019_02_22 08:58;2;2;1;control;67;109;1;75;28;16;56;0.19;0.070000000000000007;0.059999999999999998;0.68000000000000005;3;50;98;44;0.5;0.02;0.34999999999999998;0.13;0;3.383411888768478;53;47;20;1;nein
2019_02_22 08:58;2;2;1;control;68;42;1;70;48;0;0;0.79000000000000004;0.20999999999999999;0.0;0.0;51;8;12;67;0.19;0.26000000000000001;0.28999999999999998;0.26000000000000001;0;2.249918215966318;53;47;20;1;nein
2019_02_22 08:58;2;2;1;control;69;53;1;26;70;50;80;0.29999999999999999;0.59999999999999998;0.040000000000000001;0.059999999999999998;89;1;0;0;0.40999999999999998;0.58999999999999997;0.0;0.0;0;3.7165769501161776;53;47;20;1;nein
2019_02_22 08:58;2;2;1;control;70;123;0;26;24;51;92;0.72999999999999998;0.16;0.070000000000000007;0.040000000000000001;6;90;82;49;0.64000000000000001;0.25;0.050000000000000003;0.059999999999999998;1;7.066654308190664;53;47;20;1;nein
2019_02_22 08:58;2;2;1;control;71;35;1;33;37;0;0;0.88;0.12;0.0;0.0;63;4;79;98;0.16;0.46000000000000002;0.17000000000000001;0.20999999999999999;0;3.499887747404955;53;47;20;1;nein
2019_02_22 08:58;2;2;1;control;72;126;0;16;55;51;42;0.68999999999999995;0.23999999999999999;0.01;0.060000000000000102;66;4;1;5;0.46999999999999997;0.38;0.089999999999999997;0.059999999999999998;1;3.316720376860758;53;47;20;1;nein
2019_02_22 08:58;2;2;1;control;73;4;0;40;43;0;0;0.58999999999999997;0.40999999999999998;0.0;0.0;2;33;88;81;0.69999999999999996;0.14000000000000001;0.13;0.029999999999999999;0;2.216616398885435;53;47;20;1;nein
2019_02_22 08:58;2;2;1;control;74;18;1;68;50;0;0;0.029999999999999999;0.96999999999999997;0.0;0.0;34;64;15;89;0.65000000000000002;0.029999999999999999;0.050000000000000003;0.27000000000000002;0;2.8000213600653296;53;47;20;1;nein
2019_02_22 08:58;2;2;1;control;75;85;1;31;22;82;50;0.11;0.69999999999999996;0.01;0.17999999999999999;3;99;0;0;0.62;0.38;0.0;0.0;0;11.449747078866949;53;47;20;1;nein
2019_02_22 08:58;2;3;1;timed;1;125;1;37;41;10;35;0.91000000000000003;0.040000000000000001;0.029999999999999999;0.02;7;13;91;93;0.26000000000000001;0.39000000000000001;0.16;0.19;0;1.993101596937322;53;47;20;1;nein
2019_02_22 08:58;2;3;1;timed;2;54;1;44;79;78;52;0.79000000000000004;0.19;0.01;0.0099999999999999603;96;1;0;0;0.28000000000000003;0.71999999999999997;0.0;0.0;0;2.416668163367831;53;47;20;1;nein
2019_02_22 08:58;2;3;1;timed;3;86;0;56;30;57;88;0.20000000000000001;0.35999999999999999;0.080000000000000002;0.35999999999999999;98;2;0;0;0.77000000000000002;0.23000000000000001;0.0;0.0;1;1.6832639077761087;53;47;20;1;nein
2019_02_22 08:58;2;3;1;timed;4;34;0;32;48;0;0;0.28000000000000003;0.71999999999999997;0.0;0.0;97;83;7;62;0.040000000000000001;0.54000000000000004;0.35999999999999999;0.059999999999999901;0;2.2498906339001223;53;47;20;1;nein
2019_02_22 08:58;2;3;1;timed;5;1;1;22;51;0;0;0.26000000000000001;0.73999999999999999;0.0;0.0;14;11;92;31;0.29999999999999999;0.40999999999999998;0.14999999999999999;0.14000000000000001;0;1.8165686754960007;53;47;20;1;nein
2019_02_22 08:58;2;3;1;timed;6;119;1;60;58;11;18;0.25;0.72999999999999998;0.01;0.01;96;23;42;85;0.44;0.48999999999999999;0.059999999999999998;0.010000000000000101;0;2.5333810353408808;53;47;20;1;nein
2019_02_22 08:58;2;3;1;timed;7;132;0;27;70;21;19;0.64000000000000001;0.23000000000000001;0.029999999999999999;0.10000000000000001;11;85;55;6;0.39000000000000001;0.46999999999999997;0.029999999999999999;0.11;1;1.6665395539662313;53;47;20;1;nein
2019_02_22 08:58;2;3;1;timed;8;82;1;78;66;30;27;0.28999999999999998;0.58999999999999997;0.080000000000000002;0.040000000000000001;90;6;0;0;0.82999999999999996;0.17000000000000001;0.0;0.0;1;2.4331901417845074;53;47;20;1;nein
2019_02_22 08:58;2;3;1;timed;9;83;0;17;12;7;41;0.65000000000000002;0.19;0.089999999999999997;0.070000000000000007;6;84;0;0;0.72999999999999998;0.27000000000000002;0.0;0.0;0;2.483151847613499;53;47;20;1;nein
2019_02_22 08:58;2;3;1;timed;10;27;1;44;26;0;0;0.35999999999999999;0.64000000000000001;0.0;0.0;63;10;3;5;0.58999999999999997;0.19;0.14999999999999999;0.070000000000000007;0;2.1834508885272044;53;47;20;1;nein
2019_02_22 08:58;2;3;1;timed;11;131;1;83;41;81;88;0.23999999999999999;0.58999999999999997;0.10000000000000001;0.070000000000000007;82;97;4;17;0.26000000000000001;0.46999999999999997;0.11;0.16;1;2.2667153736024375;53;47;20;1;nein
2019_02_22 08:58;2;3;1;timed;12;45;0;97;87;0;0;0.71999999999999997;0.28000000000000003;0.0;0.0;96;11;14;4;0.25;0.029999999999999999;0.14000000000000001;0.57999999999999996;0;2.033257236764257;53;47;20;1;nein
2019_02_22 08:58;2;3;1;timed;13;117;1;65;85;92;41;0.23000000000000001;0.17999999999999999;0.54000000000000004;0.050000000000000003;99;93;10;13;0.64000000000000001;0.16;0.01;0.19;1;2.6499707501811827;53;47;20;1;nein
2019_02_22 08:58;2;3;1;timed;14;68;1;84;27;55;62;0.01;0.050000000000000003;0.40999999999999998;0.53000000000000003;9;82;0;0;0.37;0.63;0.0;0.0;1;2.8499192422755186;53;47;20;1;nein
2019_02_22 08:58;2;3;1;timed;15;22;1;32;55;0;0;0.39000000000000001;0.60999999999999999;0.0;0.0;93;72;59;22;0.20000000000000001;0.11;0.14000000000000001;0.55000000000000004;1;3.1499008328501077;53;47;20;1;nein
2019_02_22 08:58;2;3;1;timed;16;6;0;9;51;0;0;0.14999999999999999;0.84999999999999998;0.0;0.0;6;40;50;73;0.42999999999999999;0.26000000000000001;0.059999999999999998;0.25;0;3.1165252497780784;53;47;20;1;nein
2019_02_22 08:58;2;3;1;timed;17;90;1;27;44;50;72;0.68000000000000005;0.28999999999999998;0.02;0.0099999999999999707;6;96;0;0;0.46999999999999997;0.53000000000000003;0.0;0.0;1;2.2332307451520137;53;47;20;1;nein
2019_02_22 08:58;2;3;1;timed;18;127;1;89;26;62;79;0.02;0.28999999999999998;0.53000000000000003;0.16;96;6;60;13;0.53000000000000003;0.25;0.17000000000000001;0.050000000000000003;1;2.6500387431815398;53;47;20;1;nein
2019_02_22 08:58;2;3;1;timed;19;97;1;17;33;32;74;0.94999999999999996;0.01;0.029999999999999999;0.01;76;23;0;0;0.33000000000000002;0.67000000000000004;0.0;0.0;1;2.3168060095549663;53;47;20;1;nein
2019_02_22 08:58;2;3;1;timed;20;134;0;57;48;50;55;0.02;0.62;0.17999999999999999;0.17999999999999999;80;96;15;18;0.23999999999999999;0.35999999999999999;0.33000000000000002;0.070000000000000007;0;2.0667203768612126;53;47;20;1;nein
2019_02_22 08:58;2;3;1;timed;21;124;0;37;65;15;41;0.17999999999999999;0.45000000000000001;0.02;0.34999999999999998;40;7;98;30;0.070000000000000007;0.45000000000000001;0.45000000000000001;0.029999999999999898;1;1.8667263422848919;53;47;20;1;nein
2019_02_22 08:58;2;3;1;timed;22;9;1;61;69;0;0;0.93999999999999995;0.060000000000000102;0.0;0.0;18;93;72;16;0.40999999999999998;0.34999999999999998;0.089999999999999997;0.14999999999999999;0;1.9165642495368047;53;47;20;1;nein
2019_02_22 08:58;2;3;1;timed;23;105;1;49;74;63;58;0.84999999999999998;0.080000000000000002;0.02;0.050000000000000003;97;5;86;8;0.25;0.52000000000000002;0.070000000000000007;0.16;0;2.633341329994437;53;47;20;1;nein
2019_02_22 08:58;2;3;1;timed;24;141;0;93;28;60;91;0.81999999999999995;0.10000000000000001;0.01;0.070000000000000007;14;85;7;89;0.45000000000000001;0.070000000000000007;0.23999999999999999;0.23999999999999999;0;1.8665833004056367;53;47;20;1;nein
2019_02_22 08:58;2;3;1;timed;25;56;1;28;84;37;41;0.68000000000000005;0.28000000000000003;0.02;0.0199999999999999;6;95;0;0;0.72999999999999998;0.27000000000000002;0.0;0.0;0;3.016535128006126;53;47;20;1;nein
2019_02_22 08:58;2;3;1;timed;26;70;1;66;55;69;50;0.22;0.29999999999999999;0.29999999999999999;0.17999999999999999;2;90;0;0;0.34000000000000002;0.66000000000000003;0.0;0.0;1;2.21655866897936;53;47;20;1;nein
2019_02_22 08:58;2;3;1;timed;27;62;1;12;45;16;50;0.20999999999999999;0.76000000000000001;0.02;0.01;92;15;0;0;0.20999999999999999;0.79000000000000004;0.0;0.0;0;3.1500236692613726;53;47;20;1;nein
2019_02_22 08:58;2;3;1;timed;28;11;0;17;36;0;0;0.14000000000000001;0.85999999999999999;0.0;0.0;19;41;34;95;0.88;0.02;0.050000000000000003;0.050000000000000003;0;2.816563223227604;53;47;20;1;nein
2019_02_22 08:58;2;3;1;timed;29;19;0;22;53;0;0;0.13;0.87;0.0;0.0;4;93;96;65;0.46999999999999997;0.059999999999999998;0.26000000000000001;0.20999999999999999;0;2.6832812267475674;53;47;20;1;nein
2019_02_22 08:58;2;3;1;timed;30;78;1;74;36;34;3;0.14999999999999999;0.64000000000000001;0.13;0.080000000000000002;1;83;0;0;0.41999999999999998;0.57999999999999996;0.0;0.0;1;2.3665290984386047;53;47;20;1;nein
2019_02_22 08:58;2;3;1;timed;31;133;0;59;88;60;36;0.67000000000000004;0.070000000000000007;0.12;0.14000000000000001;7;91;66;61;0.25;0.68999999999999995;0.01;0.0500000000000001;1;1.7832360691318172;53;47;20;1;nein
2019_02_22 08:58;2;3;1;timed;32;72;1;63;82;51;61;0.01;0.96999999999999997;0.01;0.01;92;12;0;0;0.89000000000000001;0.11;0.0;0.0;1;3.1832263833366596;53;47;20;1;nein
2019_02_22 08:58;2;3;1;timed;33;122;0;35;58;25;31;0.81999999999999995;0.070000000000000007;0.080000000000000002;0.029999999999999999;18;64;68;89;0.63;0.17000000000000001;0.11;0.089999999999999997;0;3.0499257849983223;53;47;20;1;nein
2019_02_22 08:58;2;3;1;timed;34;107;1;52;48;13;63;0.68000000000000005;0.19;0.050000000000000003;0.079999999999999905;54;91;33;3;0.19;0.17999999999999999;0.33000000000000002;0.29999999999999999;0;2.766561106464451;53;47;20;1;nein
2019_02_22 08:58;2;3;1;timed;35;149;1;14;89;73;53;0.93999999999999995;0.01;0.01;0.040000000000000001;97;45;6;13;0.34000000000000002;0.01;0.40999999999999998;0.23999999999999999;1;3.8498057067936315;53;47;20;1;nein
2019_02_22 08:58;2;3;1;timed;36;118;0;62;52;65;68;0.40999999999999998;0.44;0.10000000000000001;0.0500000000000001;79;20;14;37;0.56999999999999995;0.23999999999999999;0.14000000000000001;0.050000000000000003;1;2.833237223730521;53;47;20;1;nein
2019_02_22 08:58;2;3;1;timed;37;148;0;37;63;55;10;0.72999999999999998;0.070000000000000007;0.029999999999999999;0.17000000000000001;80;14;23;70;0.46999999999999997;0.10000000000000001;0.23000000000000001;0.20000000000000001;1;1.849923090936045;53;47;20;1;nein
2019_02_22 08:58;2;3;1;timed;38;150;1;25;21;78;38;0.84999999999999998;0.059999999999999998;0.050000000000000003;0.040000000000000001;31;43;64;95;0.059999999999999998;0.45000000000000001;0.13;0.35999999999999999;0;2.8499102620680787;53;47;20;1;nein
2019_02_22 08:58;2;3;1;timed;39;114;0;57;39;79;97;0.77000000000000002;0.02;0.13;0.080000000000000002;92;36;6;1;0.54000000000000004;0.12;0.13;0.20999999999999999;1;1.9165395539657766;53;47;20;1;nein
2019_02_22 08:58;2;3;1;timed;40;79;1;52;46;29;22;0.17999999999999999;0.51000000000000001;0.23999999999999999;0.070000000000000104;93;14;0;0;0.45000000000000001;0.55000000000000004;0.0;0.0;1;2.616737246822595;53;47;20;1;nein
2019_02_22 08:58;2;3;1;timed;41;144;1;99;93;90;71;0.65000000000000002;0.32000000000000001;0.01;0.02;97;14;48;73;0.23000000000000001;0.46000000000000002;0.13;0.17999999999999999;0;1.649903719345275;53;47;20;1;nein
2019_02_22 08:58;2;3;1;timed;42;58;1;37;58;76;34;0.20999999999999999;0.57999999999999996;0.19;0.020000000000000101;86;5;0;0;0.47999999999999998;0.52000000000000002;0.0;0.0;1;2.8832816757580986;53;47;20;1;nein
2019_02_22 08:58;2;3;1;timed;43;57;0;52;35;23;47;0.22;0.68000000000000005;0.040000000000000001;0.059999999999999998;71;7;0;0;0.28999999999999998;0.70999999999999996;0.0;0.0;1;3.19991770281149;53;47;20;1;nein
2019_02_22 08:58;2;3;1;timed;44;5;1;70;5;0;0;0.98999999999999999;0.01;0.0;0.0;92;87;47;1;0.44;0.02;0.16;0.38;1;2.499934252051389;53;47;20;1;nein
2019_02_22 08:58;2;3;1;timed;45;135;1;48;60;41;51;0.14000000000000001;0.40000000000000002;0.089999999999999997;0.37;94;1;85;65;0.64000000000000001;0.29999999999999999;0.01;0.050000000000000003;1;1.6665940766552012;53;47;20;1;nein
2019_02_22 08:58;2;3;1;timed;46;100;0;27;14;59;52;0.02;0.95999999999999996;0.01;0.01;17;98;0;0;0.48999999999999999;0.51000000000000001;0.0;0.0;1;2.7665646344025845;53;47;20;1;nein
2019_02_22 08:58;2;3;1;timed;47;63;0;56;78;42;36;0.93000000000000005;0.040000000000000001;0.01;0.0199999999999999;2;72;0;0;0.32000000000000001;0.68000000000000005;0.0;0.0;1;2.2499008969944043;53;47;20;1;nein
2019_02_22 08:58;2;3;1;timed;48;24;0;35;27;0;0;0.070000000000000007;0.93000000000000005;0.0;0.0;62;3;81;95;0.35999999999999999;0.55000000000000004;0.01;0.080000000000000002;1;2.8999107752229065;53;47;20;1;nein
2019_02_22 08:58;2;3;1;timed;49;48;1;13;32;0;0;0.90000000000000002;0.10000000000000001;0.0;0.0;24;99;84;94;0.62;0.14999999999999999;0.20000000000000001;0.029999999999999999;1;2.149757470249824;53;47;20;1;nein
2019_02_22 08:58;2;3;1;timed;50;52;0;71;51;10;54;0.22;0.12;0.19;0.46999999999999997;91;1;0;0;0.29999999999999999;0.69999999999999996;0.0;0.0;0;2.749922064626844;53;47;20;1;nein
2019_02_22 08:58;2;3;1;timed;51;31;1;10;59;0;0;0.23999999999999999;0.76000000000000001;0.0;0.0;1;79;53;73;0.23000000000000001;0.58999999999999997;0.050000000000000003;0.13;1;2.7332602515484723;53;47;20;1;nein
2019_02_22 08:58;2;3;1;timed;52;128;0;70;49;27;54;0.27000000000000002;0.53000000000000003;0.02;0.17999999999999999;72;97;6;20;0.29999999999999999;0.39000000000000001;0.22;0.0899999999999999;1;2.916716913066466;53;47;20;1;nein
2019_02_22 08:58;2;3;1;timed;53;38;1;40;70;0;0;0.53000000000000003;0.46999999999999997;0.0;0.0;97;90;6;96;0.56999999999999995;0.070000000000000007;0.27000000000000002;0.089999999999999997;0;1.6332954667914237;53;47;20;1;nein
2019_02_22 08:58;2;3;1;timed;54;120;1;64;40;48;51;0.19;0.02;0.070000000000000007;0.71999999999999997;97;9;79;94;0.23000000000000001;0.54000000000000004;0.01;0.22;0;4.099986914554393;53;47;20;1;nein
2019_02_22 08:58;2;3;1;timed;55;145;1;91;89;90;74;0.57999999999999996;0.29999999999999999;0.11;0.010000000000000101;2;75;84;39;0.32000000000000001;0.27000000000000002;0.39000000000000001;0.0199999999999999;0;2.166611716348598;53;47;20;1;nein
2019_02_22 08:58;2;3;1;timed;56;102;1;40;56;53;17;0.28000000000000003;0.26000000000000001;0.14999999999999999;0.31;1;76;29;62;0.68000000000000005;0.23000000000000001;0.050000000000000003;0.039999999999999897;0;2.1832565311765393;53;47;20;1;nein
2019_02_22 08:58;2;3;1;timed;57;3;1;53;40;0;0;0.31;0.68999999999999995;0.0;0.0;96;24;7;88;0.11;0.27000000000000002;0.58999999999999997;0.029999999999999999;0;3.4000127647236695;53;47;20;1;nein
2019_02_22 08:58;2;3;1;timed;58;89;1;26;41;13;56;0.059999999999999998;0.40999999999999998;0.050000000000000003;0.47999999999999998;5;97;0;0;0.37;0.63;0.0;0.0;1;1.7166192853806024;53;47;20;1;nein
2019_02_22 08:58;2;3;1;timed;59;28;1;47;30;0;0;0.97999999999999998;0.02;0.0;0.0;55;48;77;13;0.070000000000000007;0.26000000000000001;0.42999999999999999;0.23999999999999999;0;2.416727817604624;53;47;20;1;nein
2019_02_22 08:58;2;3;1;timed;60;64;0;48;39;34;19;0.46000000000000002;0.5;0.02;0.02;13;92;0;0;0.68999999999999995;0.31;0.0;0.0;0;3.066555205185068;53;47;20;1;nein
2019_02_22 08:58;2;3;1;timed;61;80;1;47;39;45;10;0.13;0.76000000000000001;0.059999999999999998;0.050000000000000003;2;87;0;0;0.48999999999999999;0.51000000000000001;0.0;0.0;1;2.249897689777754;53;47;20;1;nein
2019_02_22 08:58;2;3;1;timed;62;147;1;39;43;76;28;0.14000000000000001;0.10000000000000001;0.10000000000000001;0.66000000000000003;6;31;68;85;0.27000000000000002;0.20000000000000001;0.22;0.31;1;2.4166514858393384;53;47;20;1;nein
2019_02_22 08:58;2;3;1;timed;63;23;1;54;40;0;0;0.93000000000000005;0.070000000000000007;0.0;0.0;36;23;71;86;0.02;0.41999999999999998;0.19;0.37;0;2.383254093691903;53;47;20;1;nein
2019_02_22 08:58;2;3;1;timed;64;61;0;43;18;39;70;0.75;0.089999999999999997;0.089999999999999997;0.070000000000000007;16;66;0;0;0.64000000000000001;0.35999999999999999;0.0;0.0;0;3.683198480548981;53;47;20;1;nein
2019_02_22 08:58;2;3;1;timed;65;75;0;67;80;36;81;0.81999999999999995;0.080000000000000002;0.059999999999999998;0.040000000000000001;3;97;0;0;0.32000000000000001;0.68000000000000005;0.0;0.0;1;1.6333682706172112;53;47;20;1;nein
2019_02_22 08:58;2;3;1;timed;66;51;1;52;23;43;16;0.60999999999999999;0.20999999999999999;0.01;0.17000000000000001;92;7;0;0;0.14999999999999999;0.84999999999999998;0.0;0.0;1;2.6166593114489842;53;47;20;1;nein
2019_02_22 08:58;2;3;1;timed;67;137;0;71;22;28;17;0.25;0.46000000000000002;0.050000000000000003;0.23999999999999999;3;98;92;69;0.42999999999999999;0.23999999999999999;0.20000000000000001;0.13;1;3.1832263833371144;53;47;20;1;nein
2019_02_22 08:58;2;3;1;timed;68;69;0;54;34;64;49;0.34000000000000002;0.25;0.20999999999999999;0.20000000000000001;14;98;0;0;0.62;0.38;0.0;0.0;0;2.8498833214453043;53;47;20;1;nein
2019_02_22 08:58;2;3;1;timed;69;123;1;26;24;51;92;0.72999999999999998;0.16;0.070000000000000007;0.040000000000000001;6;90;82;49;0.64000000000000001;0.25;0.050000000000000003;0.059999999999999998;0;2.4832390839160325;53;47;20;1;nein
2019_02_22 08:58;2;3;1;timed;70;84;1;43;10;5;45;0.78000000000000003;0.13;0.059999999999999998;0.029999999999999999;87;1;0;0;0.57999999999999996;0.41999999999999998;0.0;0.0;1;1.9332623041673287;53;47;20;1;nein
2019_02_22 08:58;2;3;1;timed;71;13;1;52;56;0;0;0.46999999999999997;0.53000000000000003;0.0;0.0;94;71;27;2;0.089999999999999997;0.31;0.57999999999999996;0.020000000000000101;0;3.06659721972801;53;47;20;1;nein
2019_02_22 08:58;2;3;1;timed;72;20;1;44;40;0;0;0.91000000000000003;0.089999999999999997;0.0;0.0;29;5;80;99;0.25;0.40000000000000002;0.26000000000000001;0.089999999999999997;0;2.283200469023541;53;47;20;1;nein
2019_02_22 08:58;2;3;1;timed;73;33;0;27;70;0;0;0.88;0.12;0.0;0.0;93;3;77;16;0.080000000000000002;0.40000000000000002;0.5;0.02;1;2.6498277083023822;53;47;20;1;nein
2019_02_22 08:58;2;3;1;timed;74;49;0;21;30;0;0;0.53000000000000003;0.46999999999999997;0.0;0.0;93;99;89;25;0.44;0.02;0.11;0.42999999999999999;1;2.3499301468136764;53;47;20;1;nein
2019_02_22 08:58;2;3;1;timed;75;4;0;40;43;0;0;0.58999999999999997;0.40999999999999998;0.0;0.0;2;33;88;81;0.69999999999999996;0.14000000000000001;0.13;0.029999999999999999;0;2.2000613861337115;53;47;20;1;nein
2019_02_22 08:58;2;4;1;control;1;107;1;52;48;13;63;0.68000000000000005;0.19;0.050000000000000003;0.079999999999999905;54;91;33;3;0.19;0.17999999999999999;0.33000000000000002;0.29999999999999999;0;2.8935944820473196;53;47;20;1;nein
2019_02_22 08:58;2;4;1;control;2;49;0;21;30;0;0;0.53000000000000003;0.46999999999999997;0.0;0.0;93;99;89;25;0.44;0.02;0.11;0.42999999999999999;1;2.4666103051731625;53;47;20;1;nein
2019_02_22 08:58;2;4;1;control;3;86;0;56;30;57;88;0.20000000000000001;0.35999999999999999;0.080000000000000002;0.35999999999999999;98;2;0;0;0.77000000000000002;0.23000000000000001;0.0;0.0;1;1.5832333750699945;53;47;20;1;nein
2019_02_22 08:58;2;4;1;control;4;83;0;17;12;7;41;0.65000000000000002;0.19;0.089999999999999997;0.070000000000000007;6;84;0;0;0.72999999999999998;0.27000000000000002;0.0;0.0;0;2.3833862310325458;53;47;20;1;nein
2019_02_22 08:58;2;4;1;control;5;26;0;76;41;0;0;0.57999999999999996;0.41999999999999998;0.0;0.0;61;79;84;2;0.13;0.029999999999999999;0.67000000000000004;0.17000000000000001;1;2.2166770152871322;53;47;20;1;nein
2019_02_22 08:58;2;4;1;control;6;41;0;99;40;0;0;0.89000000000000001;0.11;0.0;0.0;1;67;52;46;0.51000000000000001;0.38;0.029999999999999999;0.080000000000000002;0;2.1832469095256783;53;47;20;1;nein
2019_02_22 08:58;2;4;1;control;7;39;1;14;33;0;0;0.78000000000000003;0.22;0.0;0.0;93;84;1;25;0.14000000000000001;0.23999999999999999;0.39000000000000001;0.23000000000000001;0;2.7999957023293973;53;47;20;1;nein
2019_02_22 08:58;2;4;1;control;8;3;0;53;40;0;0;0.31;0.68999999999999995;0.0;0.0;96;24;7;88;0.11;0.27000000000000002;0.58999999999999997;0.029999999999999999;0;2.81675661841291;53;47;20;1;nein
2019_02_22 08:58;2;4;1;control;9;127;0;89;26;62;79;0.02;0.28999999999999998;0.53000000000000003;0.16;96;6;60;13;0.53000000000000003;0.25;0.17000000000000001;0.050000000000000003;1;3.0499049380878205;53;47;20;1;nein
2019_02_22 08:58;2;4;1;control;10;1;1;22;51;0;0;0.26000000000000001;0.73999999999999999;0.0;0.0;14;11;92;31;0.29999999999999999;0.40999999999999998;0.14999999999999999;0.14000000000000001;0;2.1499053229536003;53;47;20;1;nein
2019_02_22 08:58;2;4;1;control;11;6;0;9;51;0;0;0.14999999999999999;0.84999999999999998;0.0;0.0;6;40;50;73;0.42999999999999999;0.26000000000000001;0.059999999999999998;0.25;0;1.9831932207130194;53;47;20;1;nein
2019_02_22 08:58;2;4;1;control;12;145;1;91;89;90;74;0.57999999999999996;0.29999999999999999;0.11;0.010000000000000101;2;75;84;39;0.32000000000000001;0.27000000000000002;0.39000000000000001;0.0199999999999999;0;1.3333481934387237;53;47;20;1;nein
2019_02_22 08:58;2;4;1;control;13;105;0;49;74;63;58;0.84999999999999998;0.080000000000000002;0.02;0.050000000000000003;97;5;86;8;0.25;0.52000000000000002;0.070000000000000007;0.16;0;3.5671748395111536;53;47;20;1;nein
2019_02_22 08:58;2;4;1;control;14;91;1;74;81;86;48;0.93000000000000005;0.02;0.01;0.039999999999999897;7;64;0;0;0.13;0.87;0.0;0.0;0;3.483232348760339;53;47;20;1;nein
2019_02_22 08:58;2;4;1;control;15;90;1;27;44;50;72;0.68000000000000005;0.28999999999999998;0.02;0.0099999999999999707;6;96;0;0;0.46999999999999997;0.53000000000000003;0.0;0.0;1;2.1332242665735066;53;47;20;1;nein
2019_02_22 08:58;2;4;1;control;16;103;0;38;49;89;50;0.89000000000000001;0.070000000000000007;0.01;0.029999999999999999;6;64;99;27;0.70999999999999996;0.17999999999999999;0.059999999999999998;0.050000000000000003;0;2.666563928814867;53;47;20;1;nein
2019_02_22 08:58;2;4;1;control;17;37;0;14;98;0;0;0.93000000000000005;0.070000000000000007;0.0;0.0;41;2;87;66;0.17999999999999999;0.48999999999999999;0.32000000000000001;0.010000000000000101;1;3.399879985939606;53;47;20;1;nein
2019_02_22 08:58;2;4;1;control;18;23;0;54;40;0;0;0.93000000000000005;0.070000000000000007;0.0;0.0;36;23;71;86;0.02;0.41999999999999998;0.19;0.37;0;2.749862731111989;53;47;20;1;nein
2019_02_22 08:58;2;4;1;control;19;10;0;45;62;0;0;0.059999999999999998;0.93999999999999995;0.0;0.0;17;99;28;67;0.58999999999999997;0.34000000000000002;0.01;0.059999999999999998;0;3.466561876196465;53;47;20;1;nein
2019_02_22 08:58;2;4;1;control;20;106;1;85;69;22;61;0.10000000000000001;0.58999999999999997;0.17999999999999999;0.13;20;79;91;84;0.55000000000000004;0.14999999999999999;0.26000000000000001;0.039999999999999897;0;2.5998951881483663;53;47;20;1;nein
2019_02_22 08:58;2;4;1;control;21;149;1;14;89;73;53;0.93999999999999995;0.01;0.01;0.040000000000000001;97;45;6;13;0.34000000000000002;0.01;0.40999999999999998;0.23999999999999999;1;4.5000862741376295;53;47;20;1;nein
2019_02_22 08:58;2;4;1;control;22;98;1;27;10;31;79;0.23000000000000001;0.67000000000000004;0.070000000000000007;0.029999999999999999;25;99;0;0;0.38;0.62;0.0;0.0;1;2.2832521052173433;53;47;20;1;nein
2019_02_22 08:58;2;4;1;control;23;38;1;40;70;0;0;0.53000000000000003;0.46999999999999997;0.0;0.0;97;90;6;96;0.56999999999999995;0.070000000000000007;0.27000000000000002;0.089999999999999997;1;2.58317885238057;53;47;20;1;nein
2019_02_22 08:58;2;4;1;control;24;14;1;36;40;0;0;0.54000000000000004;0.46000000000000002;0.0;0.0;99;70;1;11;0.16;0.089999999999999997;0.080000000000000002;0.67000000000000004;0;3.7168360932505493;53;47;20;1;nein
2019_02_22 08:58;2;4;1;control;25;124;1;37;65;15;41;0.17999999999999999;0.45000000000000001;0.02;0.34999999999999998;40;7;98;30;0.070000000000000007;0.45000000000000001;0.45000000000000001;0.029999999999999898;1;3.099881397115041;53;47;20;1;nein
2019_02_22 08:58;2;4;1;control;26;22;1;32;55;0;0;0.39000000000000001;0.60999999999999999;0.0;0.0;93;72;59;22;0.20000000000000001;0.11;0.14000000000000001;0.55000000000000004;1;2.6999170613685237;53;47;20;1;nein
2019_02_22 08:58;2;4;1;control;27;119;1;60;58;11;18;0.25;0.72999999999999998;0.01;0.01;96;23;42;85;0.44;0.48999999999999999;0.059999999999999998;0.010000000000000101;1;3.233123303382399;53;47;20;1;nein
2019_02_22 08:58;2;4;1;control;28;64;1;48;39;34;19;0.46000000000000002;0.5;0.02;0.02;13;92;0;0;0.68999999999999995;0.31;0.0;0.0;0;3.533237031297176;53;47;20;1;nein
2019_02_22 08:58;2;4;1;control;29;76;0;39;62;9;28;0.01;0.51000000000000001;0.26000000000000001;0.22;77;7;0;0;0.57999999999999996;0.41999999999999998;0.0;0.0;1;2.683263266332233;53;47;20;1;nein
2019_02_22 08:58;2;4;1;control;30;32;1;19;81;0;0;0.93000000000000005;0.070000000000000007;0.0;0.0;1;65;41;68;0.45000000000000001;0.050000000000000003;0.059999999999999998;0.44;0;2.466685995494572;53;47;20;1;nein
2019_02_22 08:58;2;4;1;control;31;29;0;44;51;0;0;0.78000000000000003;0.22;0.0;0.0;74;1;68;82;0.69999999999999996;0.28000000000000003;0.01;0.01;1;1.983223368552899;53;47;20;1;nein
2019_02_22 08:58;2;4;1;control;32;25;1;50;53;0;0;0.82999999999999996;0.17000000000000001;0.0;0.0;83;16;97;4;0.45000000000000001;0.29999999999999999;0.11;0.14000000000000001;1;2.4499007045615144;53;47;20;1;nein
2019_02_22 08:58;2;4;1;control;33;104;1;55;85;93;3;0.87;0.02;0.089999999999999997;0.02;1;2;90;8;0.35999999999999999;0.070000000000000007;0.40000000000000002;0.17000000000000001;0;2.2999145597386814;53;47;20;1;nein
2019_02_22 08:58;2;4;1;control;34;143;0;88;44;56;73;0.95999999999999996;0.02;0.01;0.01;20;3;87;32;0.19;0.40000000000000002;0.28000000000000003;0.13;0;2.0334830248420985;53;47;20;1;nein
2019_02_22 08:58;2;4;1;control;35;60;1;64;59;57;96;0.83999999999999997;0.13;0.02;0.01;83;6;0;0;0.54000000000000004;0.46000000000000002;0.0;0.0;1;2.083249090433128;53;47;20;1;nein
2019_02_22 08:58;2;4;1;control;36;128;0;70;49;27;54;0.27000000000000002;0.53000000000000003;0.02;0.17999999999999999;72;97;6;20;0.29999999999999999;0.39000000000000001;0.22;0.0899999999999999;1;3.2332406875248125;53;47;20;1;nein
2019_02_22 08:58;2;4;1;control;37;112;1;70;44;98;64;0.02;0.75;0.12;0.11;33;2;63;85;0.23999999999999999;0.31;0.080000000000000002;0.37;0;3.7664876611947875;53;47;20;1;nein
2019_02_22 08:58;2;4;1;control;38;116;1;53;65;43;99;0.56999999999999995;0.37;0.050000000000000003;0.010000000000000101;57;72;11;87;0.67000000000000004;0.13;0.14999999999999999;0.050000000000000003;1;4.833379624165445;53;47;20;1;nein
2019_02_22 08:58;2;4;1;control;39;78;0;74;36;34;3;0.14999999999999999;0.64000000000000001;0.13;0.080000000000000002;1;83;0;0;0.41999999999999998;0.57999999999999996;0.0;0.0;1;2.200067800567467;53;47;20;1;nein
2019_02_22 08:58;2;4;1;control;40;141;0;93;28;60;91;0.81999999999999995;0.10000000000000001;0.01;0.070000000000000007;14;85;7;89;0.45000000000000001;0.070000000000000007;0.23999999999999999;0.23999999999999999;0;1.7165984384701005;53;47;20;1;nein
2019_02_22 08:58;2;4;1;control;41;27;1;44;26;0;0;0.35999999999999999;0.64000000000000001;0.0;0.0;63;10;3;5;0.58999999999999997;0.19;0.14999999999999999;0.070000000000000007;1;2.8333709646794887;53;47;20;1;nein
2019_02_22 08:58;2;4;1;control;42;68;0;84;27;55;62;0.01;0.050000000000000003;0.40999999999999998;0.53000000000000003;9;82;0;0;0.37;0.63;0.0;0.0;1;1.9832156712318465;53;47;20;1;nein
2019_02_22 08:58;2;4;1;control;43;114;1;57;39;79;97;0.77000000000000002;0.02;0.13;0.080000000000000002;92;36;6;1;0.54000000000000004;0.12;0.13;0.20999999999999999;1;2.1331662159459484;53;47;20;1;nein
2019_02_22 08:58;2;4;1;control;44;19;0;22;53;0;0;0.13;0.87;0.0;0.0;4;93;96;65;0.46999999999999997;0.059999999999999998;0.26000000000000001;0.20999999999999999;0;4.633171988936283;53;47;20;1;nein
2019_02_22 08:58;2;4;1;control;45;101;1;30;96;61;45;0.65000000000000002;0.14000000000000001;0.11;0.10000000000000001;3;98;63;89;0.75;0.19;0.040000000000000001;0.02;0;2.6501490714467764;53;47;20;1;nein
2019_02_22 08:58;2;4;1;control;46;73;1;65;68;70;47;0.25;0.23000000000000001;0.20999999999999999;0.31;27;95;0;0;0.45000000000000001;0.55000000000000004;0.0;0.0;1;1.7665643136811013;53;47;20;1;nein
2019_02_22 08:58;2;4;1;control;47;44;1;79;74;0;0;0.71999999999999997;0.28000000000000003;0.0;0.0;3;67;15;36;0.41999999999999998;0.53000000000000003;0.02;0.029999999999999999;0;1.6833899514044788;53;47;20;1;nein
2019_02_22 08:58;2;4;1;control;48;31;0;10;59;0;0;0.23999999999999999;0.76000000000000001;0.0;0.0;1;79;53;73;0.23000000000000001;0.58999999999999997;0.050000000000000003;0.13;1;2.583240110225688;53;47;20;1;nein
2019_02_22 08:58;2;4;1;control;49;96;1;51;54;39;7;0.17000000000000001;0.26000000000000001;0.10000000000000001;0.46999999999999997;24;96;0;0;0.28000000000000003;0.71999999999999997;0.0;0.0;1;1.449906798273787;53;47;20;1;nein
2019_02_22 08:58;2;4;1;control;50;139;1;44;31;16;8;0.79000000000000004;0.070000000000000007;0.13;0.0099999999999999499;92;58;2;88;0.55000000000000004;0.070000000000000007;0.34000000000000002;0.039999999999999897;1;2.083272823839252;53;47;20;1;nein
2019_02_22 08:58;2;4;1;control;51;45;0;97;87;0;0;0.71999999999999997;0.28000000000000003;0.0;0.0;96;11;14;4;0.25;0.029999999999999999;0.14000000000000001;0.57999999999999996;0;2.3832768649322134;53;47;20;1;nein
2019_02_22 08:58;2;4;1;control;52;150;0;25;21;78;38;0.84999999999999998;0.059999999999999998;0.050000000000000003;0.040000000000000001;31;43;64;95;0.059999999999999998;0.45000000000000001;0.13;0.35999999999999999;1;3.166566494588551;53;47;20;1;nein
2019_02_22 08:58;2;4;1;control;53;28;1;47;30;0;0;0.97999999999999998;0.02;0.0;0.0;55;48;77;13;0.070000000000000007;0.26000000000000001;0.42999999999999999;0.23999999999999999;0;3.783183470773565;53;47;20;1;nein
2019_02_22 08:58;2;4;1;control;54;70;0;66;55;69;50;0.22;0.29999999999999999;0.29999999999999999;0.17999999999999999;2;90;0;0;0.34000000000000002;0.66000000000000003;0.0;0.0;1;1.7500509947503815;53;47;20;1;nein
2019_02_22 08:58;2;4;1;control;55;46;1;5;19;0;0;0.32000000000000001;0.68000000000000005;0.0;0.0;88;38;97;66;0.60999999999999999;0.20000000000000001;0.040000000000000001;0.14999999999999999;1;2.8833528759760156;53;47;20;1;nein
2019_02_22 08:58;2;4;1;control;56;82;1;78;66;30;27;0.28999999999999998;0.58999999999999997;0.080000000000000002;0.040000000000000001;90;6;0;0;0.82999999999999996;0.17000000000000001;0.0;0.0;1;2.7001203989266287;53;47;20;1;nein
2019_02_22 08:58;2;4;1;control;57;88;1;77;13;12;7;0.12;0.19;0.66000000000000003;0.029999999999999898;94;2;0;0;0.40999999999999998;0.58999999999999997;0.0;0.0;1;4.033228051089736;53;47;20;1;nein
2019_02_22 08:58;2;4;1;control;58;117;1;65;85;92;41;0.23000000000000001;0.17999999999999999;0.54000000000000004;0.050000000000000003;99;93;10;13;0.64000000000000001;0.16;0.01;0.19;1;3.150072418960008;53;47;20;1;nein
2019_02_22 08:58;2;4;1;control;59;121;1;42;51;47;70;0.41999999999999998;0.17000000000000001;0.23999999999999999;0.17000000000000001;21;76;48;9;0.14999999999999999;0.34000000000000002;0.40999999999999998;0.10000000000000001;1;3.0831996992915265;53;47;20;1;nein
2019_02_22 08:58;2;4;1;control;60;58;1;37;58;76;34;0.20999999999999999;0.57999999999999996;0.19;0.020000000000000101;86;5;0;0;0.47999999999999998;0.52000000000000002;0.0;0.0;0;3.5165078666618683;53;47;20;1;nein
2019_02_22 08:58;2;4;1;control;61;129;1;12;29;81;36;0.17999999999999999;0.79000000000000004;0.01;0.02;5;19;95;92;0.47999999999999998;0.26000000000000001;0.13;0.13;0;3.2498931996738065;53;47;20;1;nein
2019_02_22 08:58;2;4;1;control;62;110;1;47;44;23;52;0.13;0.27000000000000002;0.040000000000000001;0.56000000000000005;99;2;30;22;0.28999999999999998;0.5;0.11;0.10000000000000001;1;4.86654770029736;53;47;20;1;nein
2019_02_22 08:58;2;4;1;control;63;12;1;53;68;0;0;0.31;0.68999999999999995;0.0;0.0;69;54;97;29;0.25;0.20999999999999999;0.20000000000000001;0.34000000000000002;0;3.6499075680058013;53;47;20;1;nein
2019_02_22 08:58;2;4;1;control;64;89;1;26;41;13;56;0.059999999999999998;0.40999999999999998;0.050000000000000003;0.47999999999999998;5;97;0;0;0.37;0.63;0.0;0.0;1;1.6499043607891508;53;47;20;1;nein
2019_02_22 08:58;2;4;1;control;65;50;1;15;20;0;0;0.82999999999999996;0.17000000000000001;0.0;0.0;97;18;88;87;0.56999999999999995;0.39000000000000001;0.01;0.029999999999999999;1;2.983390464558852;53;47;20;1;nein
2019_02_22 08:58;2;4;1;control;66;136;1;29;67;14;75;0.46000000000000002;0.29999999999999999;0.20999999999999999;0.0300000000000001;70;86;1;85;0.31;0.39000000000000001;0.27000000000000002;0.029999999999999898;1;2.6167837514685743;53;47;20;1;nein
2019_02_22 08:58;2;4;1;control;67;135;1;48;60;41;51;0.14000000000000001;0.40000000000000002;0.089999999999999997;0.37;94;1;85;65;0.64000000000000001;0.29999999999999999;0.01;0.050000000000000003;1;2.2332522335059366;53;47;20;1;nein
2019_02_22 08:58;2;4;1;control;68;7;1;49;29;0;0;0.95999999999999996;0.040000000000000001;0.0;0.0;23;99;64;25;0.68999999999999995;0.12;0.059999999999999998;0.13;0;2.7165644419701493;53;47;20;1;nein
2019_02_22 08:58;2;4;1;control;69;146;1;25;5;64;35;0.94999999999999996;0.02;0.01;0.02;47;97;12;79;0.20999999999999999;0.029999999999999999;0.02;0.73999999999999999;1;2.8498935845395863;53;47;20;1;nein
2019_02_22 08:58;2;4;1;control;70;30;1;33;30;0;0;0.71999999999999997;0.28000000000000003;0.0;0.0;9;88;1;14;0.55000000000000004;0.39000000000000001;0.01;0.049999999999999899;0;4.049827644158086;53;47;20;1;nein
2019_02_22 08:58;2;4;1;control;71;92;1;90;86;65;94;0.16;0.34000000000000002;0.28000000000000003;0.22;79;22;0;0;0.35999999999999999;0.64000000000000001;0.0;0.0;0;2.916472202408386;53;47;20;1;nein
2019_02_22 08:58;2;4;1;control;72;75;1;67;80;36;81;0.81999999999999995;0.080000000000000002;0.059999999999999998;0.040000000000000001;3;97;0;0;0.32000000000000001;0.68000000000000005;0.0;0.0;1;2.0832561463107595;53;47;20;1;nein
2019_02_22 08:58;2;4;1;control;73;81;1;67;38;52;65;0.27000000000000002;0.35999999999999999;0.01;0.35999999999999999;2;77;0;0;0.14000000000000001;0.85999999999999999;0.0;0.0;1;2.9832390839164873;53;47;20;1;nein
2019_02_22 08:58;2;4;1;control;74;43;0;60;83;0;0;0.23000000000000001;0.77000000000000002;0.0;0.0;72;5;70;12;0.29999999999999999;0.40999999999999998;0.12;0.17000000000000001;0;2.516596385851699;53;47;20;1;nein
2019_02_22 08:58;2;4;1;control;75;61;0;43;18;39;70;0.75;0.089999999999999997;0.089999999999999997;0.070000000000000007;16;66;0;0;0.64000000000000001;0.35999999999999999;0.0;0.0;0;3.7665546920302404;53;47;20;1;nein
